timestamp,voltage,current,power,energy,frequency,power_factor,appliance_on,run_time_sec,run_time_min_per_hour
2026-04-22 13:06:59,219.08,0.383,76.73,0.3873,50.1,0.91,1,17.2,34.29
2026-04-22 13:07:29,223.75,0.39,80.16,0.3883,50.0,0.92,1,47.2,47.15
2026-04-22 13:07:59,224.17,0.388,80.16,0.3894,50.0,0.92,1,77.3,51.43
2026-04-22 13:08:29,222.92,0.383,78.81,0.3894,50.0,0.92,1,107.3,53.57
2026-04-22 13:09:00,223.13,0.087,18.48,0.3904,50.0,0.95,1,137.6,54.87
2026-04-22 13:09:30,223.03,0.383,78.91,0.3904,50.0,0.92,1,158.7,52.73
2026-04-22 13:10:00,224.17,0.384,79.53,0.3914,50.0,0.92,1,188.7,53.77
2026-04-22 13:10:30,224.07,0.383,79.43,0.3925,50.0,0.93,1,218.8,54.54
2026-04-22 13:11:00,223.44,0.38,78.6,0.3925,50.0,0.93,1,248.9,55.15
2026-04-22 13:11:35,223.44,0.38,78.6,0.3935,50.0,0.93,1,283.6,55.7
2026-04-22 13:12:05,224.27,0.381,79.22,0.3946,50.0,0.93,1,313.7,56.09
2026-04-22 13:12:35,224.38,0.38,79.22,0.3946,50.0,0.93,1,343.7,56.41
2026-04-22 13:13:05,224.07,0.379,78.81,0.3956,50.0,0.93,1,373.9,56.68
2026-04-22 13:13:35,224.27,0.379,78.91,0.3956,50.0,0.93,1,403.9,56.92
2026-04-22 13:14:05,224.27,0.378,78.81,0.3966,50.0,0.93,1,434.1,57.12
2026-04-22 13:14:35,224.48,0.378,79.01,0.3977,50.0,0.93,1,464.2,57.3
2026-04-22 13:15:05,224.27,0.377,78.7,0.3977,49.9,0.93,1,494.3,57.46
2026-04-22 13:15:35,223.96,0.377,78.5,0.3987,50.0,0.93,1,524.4,57.6
2026-04-22 13:16:06,224.07,0.376,78.39,0.3997,50.0,0.93,1,554.4,57.72
2026-04-22 13:16:36,224.69,0.377,78.91,0.3997,50.0,0.93,1,584.7,57.84
2026-04-22 13:17:06,224.58,0.377,78.81,0.4008,50.0,0.93,1,614.7,57.94
2026-04-22 13:17:36,224.07,0.376,78.39,0.4018,50.0,0.93,1,644.7,58.03
2026-04-22 13:18:06,225.31,0.378,79.22,0.4018,50.0,0.93,1,674.8,58.12
2026-04-22 13:18:36,225.52,0.378,79.33,0.4029,50.0,0.93,1,705.0,58.19
2026-04-22 13:19:06,225.83,0.378,79.53,0.4029,50.0,0.93,1,735.1,58.27
2026-04-22 13:19:36,225.62,0.377,79.33,0.4039,50.0,0.93,1,765.3,58.33
2026-04-22 13:20:06,226.35,0.379,79.85,0.4049,50.0,0.93,1,795.3,58.39
2026-04-22 13:20:36,226.25,0.378,79.74,0.4049,50.0,0.93,1,825.4,58.45
2026-04-22 13:21:07,226.45,0.379,79.95,0.406,50.0,0.93,1,855.6,58.5
2026-04-22 13:21:37,228.11,0.381,81.2,0.407,50.0,0.93,1,885.7,58.55
2026-04-22 13:22:07,228.84,0.382,81.71,0.407,50.0,0.93,1,915.8,58.6
2026-04-22 13:22:37,228.53,0.382,81.51,0.4081,50.0,0.93,1,945.8,58.64
2026-04-22 13:26:37,228.43,0.38,81.09,0.4132,50.0,0.93,1,1186.1,58.91
2026-04-22 13:27:07,228.53,0.38,81.3,0.4143,50.0,0.94,1,1216.2,58.94
2026-04-22 13:27:37,228.74,0.38,81.3,0.4153,50.0,0.94,1,1246.2,58.96
2026-04-22 13:28:07,228.53,0.457,104.04,0.4153,50.0,1.0,1,1276.3,58.99
2026-04-22 13:28:37,228.32,0.452,102.9,0.4164,50.0,1.0,1,1306.3,59.01
2026-04-22 13:29:07,228.53,0.451,102.69,0.4174,49.9,1.0,1,1336.3,59.03
2026-04-22 13:29:38,227.6,0.448,101.44,0.4184,50.0,0.99,1,1366.5,59.05
2026-04-22 13:30:08,228.53,0.449,102.06,0.4195,50.0,0.99,1,1396.6,59.07
2026-04-22 13:30:38,229.05,0.448,102.17,0.4195,50.0,1.0,1,1426.8,59.09
2026-04-22 13:31:08,228.74,0.448,101.86,0.4205,50.0,0.99,1,1456.9,59.11
2026-04-22 13:31:38,229.26,0.448,102.06,0.4215,50.0,0.99,1,1487.0,59.13
2026-04-22 13:32:08,228.53,0.446,101.44,0.4226,50.0,1.0,1,1517.1,59.15
2026-04-22 13:32:38,229.05,0.0,0.0,0.4226,50.0,0.0,0,1532.3,58.6
2026-04-22 13:33:08,229.15,0.0,0.0,0.4226,50.0,0.0,0,1532.3,57.5
2026-04-22 13:33:38,228.63,0.0,0.0,0.4226,50.0,0.0,0,1532.3,56.44
2026-04-22 13:34:08,228.32,0.0,0.0,0.4226,50.0,0.0,0,1532.3,55.42
2026-04-22 13:34:38,228.53,0.0,0.0,0.4226,50.0,0.0,0,1532.3,54.43
2026-04-22 13:35:09,228.32,0.0,0.0,0.4226,50.0,0.0,0,1532.3,53.47
2026-04-22 13:35:39,227.8,0.0,0.0,0.4226,50.0,0.0,0,1532.3,52.55
2026-04-22 13:36:09,228.53,0.0,0.0,0.4226,50.0,0.0,0,1532.3,51.66
2026-04-22 13:36:39,228.53,0.0,0.0,0.4226,50.0,0.0,0,1532.3,50.8
2026-04-22 13:37:09,229.05,0.0,0.0,0.4226,50.0,0.0,0,1532.3,49.97
2026-04-22 13:37:39,228.84,0.0,0.0,0.4226,49.9,0.0,0,1532.3,49.17
2026-04-22 13:38:09,228.43,0.0,0.0,0.4226,50.0,0.0,0,1532.3,48.39
2026-04-22 13:38:39,228.63,0.0,0.0,0.4226,50.0,0.0,0,1532.3,47.64
2026-04-22 13:39:09,228.63,0.0,0.0,0.4226,50.0,0.0,0,1532.3,46.91
2026-04-22 13:39:39,228.43,0.0,0.0,0.4226,49.9,0.0,0,1532.3,46.2
2026-04-22 13:40:09,228.63,0.0,0.0,0.4226,49.9,0.0,0,1532.3,45.51
2026-04-22 13:43:40,228.32,0.464,105.6,0.4257,49.9,1.0,1,1635.2,43.98
2026-04-22 13:44:10,228.22,0.46,104.66,0.4267,49.9,1.0,1,1665.2,44.19
2026-04-22 13:44:40,228.84,0.459,104.56,0.4278,50.0,1.0,1,1695.4,44.4
2026-04-22 13:45:42,229.15,0.357,71.85,0.4288,49.9,0.88,1,26.5,52.57
2026-04-22 13:46:12,229.46,0.356,71.75,0.4299,49.9,0.88,1,56.5,56.27
2026-04-22 13:46:42,228.95,0.354,71.02,0.4299,50.0,0.88,1,86.6,57.51
2026-04-22 13:47:12,228.63,0.352,70.71,0.4309,50.0,0.88,1,116.6,58.13
2026-04-22 13:47:42,228.84,0.352,70.6,0.4309,50.0,0.88,1,146.7,58.51
2026-04-22 13:48:12,229.88,0.353,71.23,0.4319,50.0,0.88,1,176.7,58.76
2026-04-22 13:48:42,229.78,0.353,71.12,0.4319,50.0,0.88,1,206.8,58.93
2026-04-22 13:49:12,229.15,0.351,70.6,0.433,50.0,0.88,1,236.9,59.07
2026-04-22 13:49:42,229.36,0.351,70.5,0.434,50.0,0.88,1,267.0,59.17
2026-04-22 13:50:17,230.61,0.352,71.44,0.434,49.9,0.88,1,301.5,59.26
2026-04-22 13:50:47,230.61,0.352,71.33,0.435,49.9,0.88,1,331.6,59.33
2026-04-22 13:51:17,230.09,0.351,70.92,0.435,50.0,0.88,1,361.6,59.39
2026-04-22 13:51:47,229.88,0.351,70.81,0.4361,49.9,0.88,1,391.7,59.43
2026-04-22 16:34:39,218.15,0.345,63.75,0.4392,50.0,0.85,1,146.5,58.51
2026-04-22 16:35:09,218.67,0.344,64.06,0.4392,50.0,0.85,1,176.8,58.76
2026-04-22 16:35:40,218.87,0.343,64.06,0.4402,50.0,0.85,1,206.8,58.93
2026-04-22 16:36:10,219.19,0.343,64.17,0.4402,50.0,0.85,1,237.0,59.07
2026-04-22 16:36:39,218.87,0.341,63.86,0.4413,50.0,0.86,1,267.0,59.17
2026-04-22 16:37:14,218.56,0.34,63.54,0.4413,50.0,0.86,1,301.5,59.26
2026-04-22 16:37:44,218.77,0.34,63.65,0.4423,50.0,0.86,1,331.7,59.33
2026-04-22 16:38:15,219.08,0.34,63.86,0.4434,50.0,0.86,1,361.8,59.39
2026-04-22 16:38:45,218.87,0.339,63.65,0.4434,50.0,0.86,1,392.1,59.43
2026-04-22 16:39:14,218.35,0.337,63.23,0.4434,50.0,0.86,1,422.1,59.47
2026-04-22 16:39:45,217.94,0.336,62.92,0.4444,50.0,0.86,1,452.1,59.51
2026-04-22 16:40:15,217.73,0.335,62.71,0.4454,50.0,0.86,1,482.4,59.54
2026-04-22 16:40:45,217.52,0.335,62.61,0.4454,49.9,0.86,1,512.4,59.57
2026-04-22 16:41:15,217.84,0.335,62.71,0.4465,50.0,0.86,1,542.5,59.59
2026-04-22 16:45:15,219.19,0.0,0.0,0.4465,50.0,0.0,0,577.6,44.05
2026-04-22 16:45:46,219.29,0.0,0.0,0.4465,50.0,0.0,0,577.6,42.43
2026-04-22 16:46:16,220.02,0.0,0.0,0.4465,50.0,0.0,0,577.6,40.92
2026-04-22 16:46:46,219.39,0.0,0.0,0.4465,49.9,0.0,0,577.6,39.51
2026-04-22 16:47:16,219.29,0.0,0.0,0.4465,50.0,0.0,0,577.6,38.2
2026-04-22 16:47:46,219.7,0.0,0.0,0.4465,50.0,0.0,0,577.6,36.97
2026-04-22 16:48:16,219.7,0.0,0.0,0.4465,50.0,0.0,0,577.6,35.83
2026-04-22 16:48:46,220.33,0.0,0.0,0.4465,50.0,0.0,0,577.6,34.74
2026-04-22 16:49:16,218.87,0.0,0.0,0.4465,50.0,0.0,0,577.6,33.73
2026-04-22 16:49:47,219.81,0.0,0.0,0.4465,50.0,0.0,0,577.6,32.77
2026-04-22 16:50:16,219.91,0.0,0.0,0.4465,50.0,0.0,0,577.6,31.87
2026-04-22 16:50:46,219.39,0.0,0.0,0.4465,50.0,0.0,0,577.6,31.01
2026-04-22 16:51:17,220.43,0.0,0.0,0.4465,50.0,0.0,0,577.6,30.2
2026-04-22 16:51:47,220.22,0.0,0.0,0.4465,50.0,0.0,0,577.6,29.43
2026-04-22 16:52:17,220.53,0.0,0.0,0.4465,50.0,0.0,0,577.6,28.69
2026-04-22 16:52:47,220.53,0.0,0.0,0.4465,50.0,0.0,0,577.6,27.99
2026-04-22 16:53:17,220.22,0.0,0.0,0.4465,50.0,0.0,0,577.6,27.33
2026-04-22 16:53:47,220.85,0.0,0.0,0.4465,50.0,0.0,0,577.6,26.69
2026-04-22 16:54:17,220.43,0.0,0.0,0.4465,50.0,0.0,0,577.6,26.09
2026-04-22 16:54:47,220.43,0.0,0.0,0.4465,50.0,0.0,0,577.6,25.51
2026-04-22 16:55:17,220.95,0.0,0.0,0.4465,50.0,0.0,0,577.6,24.95
2026-04-22 16:55:48,220.53,0.0,0.0,0.4465,50.0,0.0,0,577.6,24.42
2026-04-22 16:56:17,221.16,0.0,0.0,0.4465,49.9,0.0,0,577.6,23.92
2026-04-22 16:56:48,221.05,0.0,0.0,0.4465,50.0,0.0,0,577.6,23.43
2026-04-22 16:57:18,221.47,0.0,0.0,0.4465,50.0,0.0,0,577.6,22.97
2026-04-22 16:57:48,220.02,0.0,0.0,0.4465,50.0,0.0,0,577.6,22.52
2026-04-22 16:58:18,220.74,0.0,0.0,0.4465,50.0,0.0,0,577.6,22.09
2026-04-22 16:58:48,220.64,0.0,0.0,0.4465,50.0,0.0,0,577.6,21.67
2026-04-22 16:59:18,220.74,0.0,0.0,0.4465,50.0,0.0,0,577.6,21.27
2026-04-22 16:59:48,220.85,0.0,0.0,0.4465,50.0,0.0,0,577.6,20.88
2026-04-22 17:00:18,220.33,0.0,0.0,0.4465,50.0,0.0,0,577.6,20.51
2026-04-22 17:00:48,220.43,0.0,0.0,0.4465,50.0,0.0,0,577.6,20.15
2026-04-22 17:01:18,220.33,0.0,0.0,0.4465,50.0,0.0,0,577.6,19.8
2026-04-22 17:01:48,220.85,0.0,0.0,0.4465,50.0,0.0,0,577.6,19.47
2026-04-22 17:26:33,207.99,0.0,0.0,0.4219,49.9,0.0,0,0.0,0.0
2026-04-22 17:27:03,208.18,0.0,0.0,0.4219,50.0,0.0,0,0.0,0.0
2026-04-22 17:27:33,208.97,0.367,63.77,0.4219,49.9,0.83,1,9.9,6.55
2026-04-22 17:28:03,208.97,0.359,62.89,0.4228,49.9,0.84,1,39.9,19.88
2026-04-22 17:28:34,208.48,0.355,62.49,0.4228,50.0,0.84,1,70.1,27.91
2026-04-22 17:38:42,219.54,0.356,65.58,0.4476,50.0,0.84,1,26.5,52.57
2026-04-22 17:39:12,219.65,0.353,65.38,0.4486,50.0,0.84,1,56.8,56.29
2026-04-22 17:39:43,220.06,0.351,65.38,0.4486,50.0,0.85,1,87.0,57.53
2026-04-22 17:40:13,219.96,0.349,65.17,0.4497,49.9,0.85,1,117.1,58.14
2026-04-22 17:40:43,219.75,0.347,64.96,0.4497,49.9,0.85,1,147.3,58.51
2026-04-22 17:41:13,220.06,0.346,65.07,0.4507,49.9,0.85,1,177.4,58.76
2026-04-22 17:41:44,220.27,0.345,65.07,0.4507,49.9,0.86,1,207.5,58.94
2026-04-22 17:42:13,220.37,0.345,65.07,0.4517,49.9,0.86,1,237.5,59.07
2026-04-22 17:42:43,220.16,0.343,64.86,0.4517,49.9,0.86,1,267.7,59.17
2026-04-22 17:43:14,220.89,0.344,65.27,0.4528,49.9,0.86,1,298.9,59.26
2026-04-22 17:43:45,221.1,0.344,65.38,0.4538,49.9,0.86,1,329.0,59.33
2026-04-22 17:44:15,221.51,0.344,65.58,0.4538,49.9,0.86,1,359.1,59.38
2026-04-22 17:44:45,222.44,0.345,66.2,0.4548,49.9,0.86,1,389.2,59.43
2026-04-22 17:45:15,222.55,0.345,66.31,0.4548,49.9,0.86,1,419.3,59.47
2026-04-22 17:45:45,223.89,0.347,67.14,0.4559,49.9,0.86,1,449.5,59.5
2026-04-22 17:46:15,223.89,0.346,67.14,0.4559,49.9,0.87,1,479.6,59.54
2026-04-22 17:46:45,225.24,0.348,67.97,0.4569,49.9,0.87,1,509.7,59.56
2026-04-22 17:47:15,225.45,0.348,68.17,0.4569,49.9,0.87,1,539.7,59.59
2026-04-22 17:47:45,225.35,0.348,67.97,0.4579,50.0,0.87,1,569.8,59.61
2026-04-22 17:48:17,225.45,0.347,67.97,0.459,50.0,0.87,1,600.6,59.63
2026-04-22 17:48:47,225.35,0.347,67.97,0.459,50.0,0.87,1,630.8,59.65
2026-04-22 17:49:17,225.03,0.346,67.55,0.46,50.0,0.87,1,660.9,59.66
2026-04-22 17:49:47,225.14,0.345,67.55,0.46,50.0,0.87,1,691.0,59.68
2026-04-22 17:50:17,225.55,0.346,67.86,0.4611,50.0,0.87,1,721.2,59.69
2026-04-22 17:50:47,225.55,0.346,67.86,0.4611,50.0,0.87,1,751.3,59.7
2026-04-22 17:51:17,224.93,0.344,67.34,0.4621,50.0,0.87,1,781.4,59.71
2026-04-22 17:51:47,225.66,0.0,0.0,0.4621,50.0,0.0,0,785.5,57.8
2026-04-22 17:52:17,225.76,0.0,0.0,0.4621,50.0,0.0,0,785.5,55.74
2026-04-22 17:53:09,225.76,0.0,0.62,0.4621,50.0,1.0,0,0.0,0.0
2026-04-22 17:53:39,225.24,0.0,0.52,0.4621,50.0,1.0,0,0.0,0.0
2026-04-22 18:29:59,222.34,0.372,68.8,0.4621,49.9,0.83,1,7.0,13.96
2026-04-22 18:30:29,222.96,0.364,68.28,0.4621,49.9,0.84,1,37.1,37.04
2026-04-22 18:30:59,223.38,0.361,68.28,0.4631,50.0,0.85,1,67.2,44.7
2026-04-22 18:31:29,225.35,0.362,69.42,0.4642,50.0,0.85,1,97.3,48.53
2026-04-22 18:32:00,224.52,0.358,68.59,0.4642,50.0,0.85,1,127.4,50.83
2026-04-22 18:32:29,227.42,0.362,70.66,0.4652,50.0,0.86,1,157.5,52.36
2026-04-22 18:32:59,225.35,0.356,68.9,0.4652,50.0,0.86,1,187.7,53.45
2026-04-22 18:33:30,227.94,0.36,70.76,0.4662,50.0,0.86,1,217.8,54.27
2026-04-22 18:34:00,227.21,0.357,70.04,0.4662,50.0,0.86,1,247.8,54.9
2026-04-22 18:34:31,227.73,0.357,70.35,0.4673,50.0,0.87,1,278.9,55.43
2026-04-22 18:35:01,227.21,0.355,69.93,0.4683,50.0,0.87,1,309.1,55.85
2026-04-22 18:35:31,227.42,0.355,69.93,0.4683,50.0,0.87,1,339.4,56.19
2026-04-22 18:36:01,228.25,0.356,70.45,0.4693,50.0,0.87,1,369.4,56.48
2026-04-22 18:36:31,226.69,0.103,13.68,0.4693,49.9,0.59,1,383.0,54.38
2026-04-22 18:37:01,227.62,0.097,12.74,0.4693,49.9,0.58,1,413.1,54.75
2026-04-22 18:37:31,224.41,0.105,14.09,0.4693,49.9,0.6,1,443.2,55.08
2026-04-22 18:38:02,225.66,0.106,13.99,0.4693,49.9,0.58,1,473.3,55.37
2026-04-22 18:38:32,222.65,0.117,15.64,0.4693,49.9,0.6,1,503.4,55.63
2026-04-22 18:39:02,223.38,0.106,13.99,0.4693,49.9,0.59,1,533.6,55.86
2026-04-22 18:39:32,226.59,0.076,9.12,0.4693,49.9,0.53,0,545.3,54.24
2026-04-22 18:40:02,226.48,0.076,9.22,0.4693,49.9,0.54,0,550.3,52.14
2026-04-22 18:40:32,226.38,0.083,10.36,0.4704,49.9,0.55,1,553.2,50.03
2026-04-22 18:41:03,225.76,0.083,10.15,0.4704,49.8,0.54,1,565.3,48.9
2026-04-22 18:41:33,225.76,0.108,14.4,0.4704,49.8,0.59,1,587.7,48.71
2026-04-22 18:42:03,225.86,0.1,13.05,0.4704,49.8,0.58,1,617.7,49.16
2026-04-22 18:42:33,226.48,0.098,12.74,0.4704,49.8,0.57,1,643.8,49.27
2026-04-22 18:43:03,227.52,0.084,10.15,0.4704,49.8,0.53,1,672.8,49.58
2026-04-22 18:43:33,227.52,0.076,9.01,0.4704,49.8,0.52,0,674.0,47.9
2026-04-22 18:44:03,227.31,0.076,9.01,0.4704,49.8,0.52,0,674.0,46.25
2026-04-22 18:44:33,226.9,0.074,8.6,0.4704,49.8,0.51,0,674.0,44.71
2026-04-22 18:45:03,226.69,0.082,9.84,0.4704,49.9,0.53,0,675.4,43.36
2026-04-22 18:45:33,226.48,0.081,9.74,0.4704,49.9,0.53,0,682.4,42.45
2026-04-22 18:46:04,226.48,0.08,9.64,0.4704,49.9,0.53,0,685.0,41.32
2026-04-22 18:46:34,226.59,0.08,9.74,0.4704,49.9,0.54,0,694.1,40.63
2026-04-22 18:47:04,226.59,0.0,0.0,0.4714,49.9,0.0,0,694.1,39.46
2026-04-22 18:47:34,226.17,0.0,0.0,0.4714,49.9,0.0,0,694.1,38.37
2026-04-22 18:48:04,226.8,0.0,0.0,0.4714,50.0,0.0,0,694.1,37.34
2026-04-22 18:48:34,226.8,0.0,0.0,0.4714,50.0,0.0,0,694.1,36.35
2026-04-22 18:49:05,226.69,0.0,0.0,0.4714,50.0,0.0,0,694.1,35.42
2026-04-22 18:49:35,227.0,0.0,0.0,0.4714,50.0,0.0,0,694.1,34.53
2026-04-22 18:50:06,226.59,0.0,0.0,0.4714,50.0,0.0,0,694.1,33.69
2026-04-22 18:50:35,226.38,0.0,0.0,0.4714,50.0,0.0,0,694.1,32.89
2026-04-22 18:51:06,226.59,0.0,0.0,0.4714,50.0,0.0,0,694.1,32.12
2026-04-22 18:51:35,226.48,0.0,0.0,0.4714,49.9,0.0,0,694.1,31.4
2026-04-22 18:52:07,226.07,0.0,0.0,0.4714,49.9,0.0,0,694.1,30.7
2026-04-22 18:52:36,225.55,0.0,0.0,0.4714,49.9,0.0,0,694.1,30.03
2026-04-22 18:53:06,226.38,0.0,0.0,0.4714,49.9,0.0,0,694.1,29.39
2026-04-22 18:53:36,226.69,0.0,0.0,0.4714,49.9,0.0,0,694.1,28.78
2026-04-22 18:54:07,226.17,0.0,0.0,0.4714,49.9,0.0,0,694.1,28.19
2026-04-22 18:54:36,226.59,0.0,0.0,0.4714,49.9,0.0,0,694.1,27.63
2026-04-22 18:55:06,227.0,0.0,0.0,0.4714,49.9,0.0,0,694.1,27.09
2026-04-22 18:55:37,227.31,0.0,0.0,0.4714,49.9,0.0,0,694.1,26.57
2026-04-22 18:56:07,227.73,0.0,0.0,0.4714,49.9,0.0,0,694.1,26.07
2026-04-22 18:56:37,228.04,0.0,0.0,0.4714,49.9,0.0,0,694.1,25.59
2026-04-22 18:57:07,228.04,0.0,0.0,0.4714,49.9,0.0,0,694.1,25.12
2026-04-22 18:57:37,228.25,0.0,0.0,0.4714,49.9,0.0,0,694.1,24.67
2026-04-22 18:58:07,222.44,0.0,0.0,0.4714,49.9,0.0,0,694.1,24.24
2026-04-22 18:58:37,227.11,0.0,0.0,0.4714,49.9,0.0,0,694.1,23.82
2026-04-22 18:59:07,227.31,0.0,0.0,0.4714,49.8,0.0,0,694.1,23.42
2026-04-22 18:59:37,227.21,0.0,0.0,0.4714,49.8,0.0,0,694.1,23.03
2026-04-22 19:00:08,227.0,0.0,0.0,0.4714,49.8,0.0,0,694.1,22.65
2026-04-22 19:00:38,226.69,0.0,0.0,0.4714,49.9,0.0,0,694.1,22.29
2026-04-22 19:01:08,227.73,0.0,0.0,0.4714,49.9,0.0,0,694.1,21.93
2026-04-22 19:01:38,227.62,0.11,14.4,0.4714,49.9,0.58,1,715.6,22.26
2026-04-22 19:02:08,227.73,0.115,15.33,0.4714,49.9,0.59,1,745.7,22.84
2026-04-22 19:02:38,227.52,0.101,13.16,0.4714,49.9,0.57,1,775.7,23.4
2026-04-22 19:03:07,227.83,0.077,9.43,0.4714,49.9,0.54,0,790.0,23.48
2026-04-22 19:03:38,228.04,0.082,10.26,0.4714,49.9,0.55,1,812.7,23.8
2026-04-22 19:04:09,227.73,0.082,10.15,0.4714,49.9,0.54,1,830.4,23.96
2026-04-22 19:04:39,228.04,0.08,9.95,0.4714,49.9,0.55,0,844.1,24.01
2026-04-22 19:05:09,227.73,0.096,12.23,0.4714,49.9,0.56,1,865.3,24.27
2026-04-22 19:05:38,228.45,0.081,10.15,0.4714,49.9,0.55,1,895.4,24.77
2026-04-22 19:06:09,228.04,0.082,10.15,0.4714,49.9,0.54,1,921.7,25.14
2026-04-22 19:06:38,228.66,0.08,9.84,0.4724,49.9,0.54,0,938.3,25.25
2026-04-22 19:07:09,228.87,0.085,10.57,0.4724,49.9,0.54,1,961.9,25.54
2026-04-22 19:07:38,229.49,0.102,13.47,0.4724,49.9,0.58,1,992.1,26.0
2026-04-22 19:08:09,230.01,0.096,12.33,0.4724,49.9,0.56,1,1022.2,26.44
2026-04-22 19:08:40,228.45,0.095,12.02,0.4724,49.9,0.55,1,1052.4,26.87
2026-04-22 19:09:09,228.45,0.084,10.57,0.4724,49.9,0.55,1,1066.4,26.88
2026-04-22 19:09:39,228.97,0.081,10.05,0.4724,49.9,0.54,1,1084.5,26.99
2026-04-22 19:10:10,229.49,0.081,10.05,0.4724,49.9,0.54,1,1104.2,27.14
2026-04-22 19:10:39,231.46,0.082,10.15,0.4724,49.9,0.53,1,1124.6,27.31
2026-04-22 19:11:10,231.35,0.08,9.95,0.4724,49.8,0.54,0,1148.4,27.55
2026-04-22 19:11:40,231.67,0.081,10.05,0.4724,49.9,0.54,1,1173.5,27.82
2026-04-22 19:12:10,231.67,0.081,10.05,0.4724,49.9,0.54,1,1192.4,27.94
2026-04-22 19:12:41,231.25,0.08,10.05,0.4735,49.8,0.54,1,1218.4,28.21
2026-04-22 19:13:10,230.84,0.1,13.16,0.4735,49.8,0.57,1,1241.7,28.42
2026-04-22 19:13:41,231.46,0.108,14.4,0.4735,49.8,0.58,1,1271.9,28.78
2026-04-22 19:14:11,223.17,0.099,12.54,0.4735,49.8,0.57,1,1302.2,29.13
2026-04-22 19:14:41,229.28,0.095,12.33,0.4735,49.8,0.57,1,1332.3,29.48
2026-04-22 19:15:11,228.76,0.102,13.37,0.4735,49.8,0.57,1,1362.4,29.81
2026-04-22 19:15:42,228.97,0.097,12.74,0.4735,49.8,0.57,1,1392.7,30.14
2026-04-22 19:16:11,228.97,0.1,13.16,0.4735,49.8,0.57,1,1422.7,30.46
2026-04-22 19:16:42,229.08,0.087,10.98,0.4735,49.8,0.55,1,1452.8,30.78
2026-04-22 19:17:12,228.97,0.094,12.23,0.4745,49.8,0.57,1,1482.9,31.08
2026-04-22 19:17:41,228.76,0.087,10.98,0.4745,49.8,0.55,1,1513.1,31.38
2026-04-22 19:18:11,228.66,0.093,12.12,0.4745,49.8,0.57,1,1540.9,31.63
2026-04-22 19:18:42,229.18,0.09,11.6,0.4745,49.8,0.56,1,1571.1,31.92
2026-04-22 19:19:12,229.28,0.084,10.67,0.4745,49.8,0.55,1,1601.2,32.2
2026-04-22 19:19:43,229.59,0.098,12.95,0.4745,49.8,0.58,1,1614.8,32.15
2026-04-22 19:20:13,229.39,0.098,12.85,0.4745,49.8,0.57,1,1645.0,32.43
2026-04-22 19:20:43,229.28,0.085,10.78,0.4745,49.8,0.55,1,1675.3,32.7
2026-04-22 19:21:13,229.28,0.089,11.5,0.4745,49.8,0.56,1,1681.3,32.5
2026-04-22 19:21:44,228.97,0.085,10.78,0.4745,49.8,0.55,1,1708.9,32.71
2026-04-22 19:22:14,229.39,0.078,9.64,0.4745,49.7,0.54,0,1733.5,32.87
2026-04-22 19:22:43,229.59,0.105,13.88,0.4756,49.7,0.58,1,1744.5,32.77
2026-04-22 19:23:14,230.11,0.093,12.12,0.4756,49.8,0.57,1,1763.3,32.81
2026-04-22 19:23:44,230.01,0.102,13.26,0.4756,49.8,0.57,1,1793.5,33.06
2026-04-22 19:24:14,230.32,0.087,10.98,0.4756,49.8,0.55,1,1823.7,33.31
2026-04-22 19:24:44,230.01,0.098,12.43,0.4756,49.8,0.55,1,1853.9,33.55
2026-04-22 19:25:14,230.11,0.095,11.91,0.4756,49.8,0.55,1,1884.1,33.79
2026-04-22 19:25:45,230.63,0.095,12.12,0.4756,49.8,0.55,1,1914.3,34.03
2026-04-22 19:26:14,230.53,0.088,11.19,0.4756,49.8,0.55,1,1944.6,34.26
2026-04-22 19:26:45,230.53,0.088,11.09,0.4756,49.9,0.55,1,1974.7,34.48
2026-04-22 19:27:15,230.84,0.092,11.6,0.4756,49.8,0.55,1,2004.8,34.71
2026-04-22 19:27:45,230.94,0.088,10.98,0.4756,49.9,0.54,1,2035.0,34.92
2026-04-22 19:28:15,231.15,0.079,9.84,0.4756,49.8,0.54,0,2057.6,35.01
2026-04-22 19:28:46,231.46,0.089,11.29,0.4766,49.9,0.55,1,2086.3,35.2
2026-04-22 19:29:15,231.56,0.086,10.88,0.4766,49.9,0.55,1,2116.5,35.41
2026-04-22 19:29:46,231.15,0.086,10.78,0.4766,49.9,0.54,1,2146.7,35.61
2026-04-22 19:30:16,231.25,0.095,12.33,0.4766,49.9,0.56,1,2176.9,35.81
2026-04-22 19:30:46,231.35,0.096,12.54,0.4766,49.9,0.56,1,2207.1,36.01
2026-04-22 19:31:17,231.15,0.095,12.43,0.4766,49.9,0.57,1,2237.3,36.21
2026-04-22 19:31:47,231.35,0.1,13.16,0.4766,49.9,0.57,1,2267.3,36.4
2026-04-22 19:32:17,231.87,0.09,11.5,0.4766,49.9,0.55,1,2296.4,36.57
2026-04-22 19:32:47,231.87,0.077,9.53,0.4766,49.9,0.53,0,2300.5,36.35
2026-04-22 19:33:17,232.18,0.075,9.22,0.4766,49.9,0.53,0,2300.5,36.06
2026-04-22 19:33:47,231.46,0.075,9.22,0.4776,49.9,0.53,0,2312.1,35.96
2026-04-22 19:34:17,231.98,0.082,10.26,0.4776,49.9,0.54,1,2333.6,36.01
2026-04-22 19:34:47,231.67,0.082,10.26,0.4776,49.9,0.54,1,2363.7,36.2
2026-04-22 19:35:18,231.67,0.083,10.36,0.4776,49.9,0.54,1,2393.8,36.38
2026-04-22 19:35:47,231.87,0.084,10.57,0.4776,49.9,0.54,1,2424.1,36.56
2026-04-22 19:36:18,231.98,0.1,13.16,0.4776,49.9,0.57,1,2454.2,36.73
2026-04-22 19:36:48,231.77,0.094,12.23,0.4776,49.9,0.56,1,2484.2,36.91
2026-04-22 19:37:18,231.25,0.076,9.53,0.4776,49.9,0.54,0,2501.6,36.89
2026-04-22 19:37:48,232.18,0.077,9.64,0.4776,49.9,0.54,0,2503.1,36.64
2026-04-22 19:38:19,231.35,0.075,9.22,0.4776,49.9,0.53,0,2505.7,36.41
2026-04-22 19:38:48,232.29,0.085,10.98,0.4776,49.9,0.56,1,2510.1,36.21
2026-04-22 19:39:18,232.18,0.083,10.67,0.4776,49.9,0.55,1,2540.2,36.38
2026-04-22 19:39:49,232.39,0.089,11.4,0.4787,49.9,0.55,1,2570.3,36.55
2026-04-22 19:40:18,232.08,0.083,10.46,0.4787,49.9,0.54,1,2600.4,36.72
2026-04-22 19:40:49,231.87,0.079,9.64,0.4787,49.9,0.53,0,2615.9,36.67
2026-04-22 19:41:20,231.98,0.079,9.53,0.4787,49.9,0.52,0,2615.9,36.42
2026-04-22 19:41:49,232.29,0.084,10.36,0.4787,49.9,0.53,1,2629.5,36.35
2026-04-22 19:42:20,231.46,0.083,10.36,0.4787,49.9,0.54,1,2659.7,36.52
2026-04-22 19:42:49,231.87,0.084,10.46,0.4787,49.9,0.54,1,2689.9,36.68
2026-04-22 19:43:20,232.6,0.107,14.4,0.4787,49.9,0.58,1,2720.0,36.84
2026-04-22 19:43:50,231.98,0.092,11.71,0.4787,49.9,0.55,1,2750.0,36.99
2026-04-22 19:44:19,231.98,0.092,11.71,0.4787,50.0,0.55,1,2780.3,37.15
2026-04-22 19:44:50,231.35,0.089,11.29,0.4787,50.0,0.55,1,2810.4,37.3
2026-04-22 19:45:20,231.67,0.097,12.43,0.4797,49.9,0.55,1,2840.6,37.45
2026-04-22 19:45:50,232.29,0.096,12.43,0.4797,50.0,0.56,1,2870.8,37.6
2026-04-22 19:46:20,231.98,0.096,12.54,0.4797,50.0,0.56,1,2900.9,37.74
2026-04-22 19:46:50,231.67,0.098,12.85,0.4797,50.0,0.57,1,2931.1,37.89
2026-04-22 19:47:20,232.6,0.098,12.85,0.4797,50.0,0.56,1,2961.3,38.03
2026-04-22 19:47:51,227.83,0.091,12.12,0.4797,50.0,0.58,1,2991.3,38.17
2026-04-22 19:48:21,228.14,0.092,12.33,0.4797,50.0,0.59,1,3021.5,38.31
2026-04-22 19:48:52,228.25,0.09,11.91,0.4797,49.9,0.58,1,3051.7,38.45
2026-04-22 19:49:21,228.56,0.086,11.4,0.4797,49.9,0.58,1,3081.7,38.58
2026-04-22 19:49:51,228.66,0.086,11.19,0.4797,50.0,0.57,1,3111.9,38.72
2026-04-22 19:50:22,228.66,0.076,9.74,0.4797,50.0,0.56,0,3141.8,38.85
2026-04-22 19:50:52,228.56,0.076,9.74,0.4807,50.0,0.56,0,3150.6,38.71
2026-04-22 19:51:21,228.97,0.076,9.84,0.4807,50.0,0.57,0,3159.3,38.58
2026-04-22 19:51:52,229.28,0.074,9.43,0.4807,50.0,0.56,0,3160.5,38.36
2026-04-22 19:52:23,229.39,0.073,9.43,0.4807,50.0,0.56,0,3166.0,38.2
2026-04-22 19:52:53,229.59,0.082,10.57,0.4807,50.0,0.56,1,3170.9,38.03
2026-04-22 19:53:22,229.49,0.093,12.33,0.4807,50.0,0.58,1,3198.4,38.13
2026-04-22 19:53:53,229.18,0.088,11.6,0.4807,50.0,0.58,1,3228.6,38.26
2026-04-22 19:54:23,229.59,0.079,10.05,0.4807,50.0,0.55,1,3257.5,38.37
2026-04-22 19:54:52,230.01,0.075,9.53,0.4807,50.0,0.55,0,3264.3,38.22
2026-04-22 19:55:23,230.73,0.085,11.19,0.4807,50.0,0.57,1,3280.3,38.19
2026-04-22 19:55:53,231.15,0.104,14.19,0.4807,50.0,0.59,1,3310.6,38.32
2026-04-22 19:56:23,230.32,0.097,13.05,0.4818,50.0,0.58,1,3340.6,38.44
2026-04-22 19:57:24,230.94,0.075,9.74,0.4818,50.0,0.56,0,3359.9,38.22
2026-04-22 19:57:54,230.94,0.075,9.64,0.4818,50.0,0.56,0,3369.0,38.11
2026-04-22 19:58:24,231.25,0.076,9.84,0.4818,50.0,0.56,0,3389.6,38.12
2026-04-22 19:58:54,231.77,0.082,10.78,0.4818,50.0,0.57,1,3418.4,38.23
2026-04-22 19:59:24,233.53,0.082,10.67,0.4818,49.9,0.56,1,3448.6,38.35
2026-04-22 19:59:55,233.22,0.084,11.09,0.4818,50.0,0.57,1,3478.9,38.47
2026-04-22 20:00:24,233.94,0.078,10.15,0.4818,50.0,0.56,1,3508.9,38.59
2026-04-22 20:00:55,233.32,0.074,9.74,0.4818,50.0,0.56,0,3522.2,38.52
2026-04-22 20:01:25,236.02,0.084,11.09,0.4818,50.0,0.56,1,3531.5,38.41
2026-04-22 20:01:55,237.99,0.096,12.85,0.4818,50.0,0.56,1,3561.6,38.53
2026-04-22 20:02:25,238.61,0.094,12.64,0.4828,50.0,0.56,1,3591.7,38.65
2026-04-22 20:02:55,238.09,0.098,13.16,0.4828,50.0,0.56,1,3621.8,38.76
2026-04-22 20:03:26,238.19,0.078,9.84,0.4828,50.0,0.53,0,3639.0,38.74
2026-04-22 20:03:56,238.09,0.101,13.78,0.4828,50.0,0.57,1,3664.3,38.8
2026-04-22 20:04:26,237.99,0.078,9.95,0.4828,50.0,0.54,0,3691.1,38.88
2026-04-22 20:04:56,238.92,0.076,9.74,0.4828,50.0,0.54,0,3695.0,38.71
2026-04-22 20:05:26,238.4,0.08,10.36,0.4828,50.0,0.54,1,3716.0,38.73
2026-04-22 20:05:56,238.81,0.045,4.97,0.4828,50.0,0.46,0,3727.9,38.65
2026-04-22 20:06:27,239.64,0.045,5.08,0.4828,50.0,0.47,0,3727.9,38.45
2026-04-22 20:06:57,239.23,0.045,5.08,0.4828,50.0,0.47,0,3727.9,38.25
2026-04-22 20:07:26,239.33,0.045,5.08,0.4828,50.0,0.47,0,3727.9,38.06
2026-04-22 20:07:56,239.95,0.045,5.08,0.4828,50.0,0.47,0,3727.9,37.86
2026-04-22 20:08:27,239.85,0.045,5.08,0.4828,50.0,0.47,0,3727.9,37.67
2026-04-22 20:08:57,240.47,0.045,5.18,0.4828,50.0,0.48,0,3727.9,37.48
2026-04-22 20:09:27,240.16,0.045,5.08,0.4828,50.0,0.47,0,3727.9,37.29
2026-04-22 20:31:58,240.47,0.043,4.97,0.4828,49.9,0.48,1,25.3,50.53
2026-04-22 20:32:27,240.06,0.044,4.97,0.4828,49.9,0.47,1,55.6,55.28
2026-04-22 20:32:58,240.06,0.044,5.08,0.4828,49.9,0.48,1,85.6,56.85
2026-04-22 20:33:28,239.85,0.044,5.08,0.4838,49.9,0.48,1,115.7,57.64
2026-04-22 20:33:57,239.33,0.045,5.08,0.4838,49.9,0.47,1,145.9,58.11
2026-04-22 20:34:27,238.81,0.045,5.08,0.4838,49.9,0.47,1,176.0,58.42
2026-04-22 20:34:58,238.92,0.045,5.18,0.4838,49.9,0.48,1,206.3,58.65
2026-04-22 20:35:28,238.71,0.045,5.18,0.4838,49.9,0.48,1,236.3,58.82
2026-04-22 20:35:58,239.23,0.044,5.08,0.4838,49.8,0.48,1,266.4,58.95
2026-04-22 20:36:28,239.12,0.045,5.08,0.4838,49.9,0.47,1,296.6,59.06
2026-04-22 20:36:58,239.23,0.045,5.08,0.4838,49.9,0.47,1,326.8,59.14
2026-04-22 20:37:29,239.12,0.045,5.08,0.4838,49.9,0.47,1,356.8,59.21
2026-04-22 20:37:58,239.23,0.045,5.08,0.4838,49.9,0.47,1,387.0,59.27
2026-04-22 20:38:28,237.88,0.045,5.18,0.4838,49.9,0.48,1,417.1,59.33
2026-04-22 20:38:59,237.67,0.045,5.18,0.4838,49.9,0.48,1,447.3,59.37
2026-04-22 20:39:29,238.19,0.046,5.18,0.4838,49.9,0.47,1,477.5,59.41
2026-04-22 20:39:59,238.5,0.046,5.18,0.4838,49.8,0.47,1,507.6,59.44
2026-04-22 20:40:30,238.5,0.045,5.08,0.4838,49.9,0.47,1,537.8,59.48
2026-04-22 20:41:00,238.92,0.046,5.18,0.4838,49.9,0.47,1,567.9,59.5
2026-04-22 20:41:30,239.02,0.046,5.18,0.4838,49.9,0.47,1,598.0,59.53
2026-04-22 20:42:00,238.71,0.046,5.18,0.4838,49.9,0.47,1,628.2,59.55
2026-04-22 20:42:30,239.02,0.045,5.28,0.4838,49.9,0.49,1,658.3,59.57
2026-04-22 20:43:00,239.02,0.045,5.18,0.4838,49.9,0.48,1,688.4,59.59
2026-04-22 20:43:30,239.23,0.045,5.18,0.4838,49.9,0.48,1,718.6,59.61
2026-04-22 20:44:00,239.64,0.045,5.28,0.4838,49.9,0.49,1,748.7,59.62
2026-04-22 20:44:30,239.54,0.045,5.18,0.4838,49.9,0.48,1,778.7,59.64
2026-04-22 20:45:01,239.44,0.045,5.18,0.4849,49.9,0.48,1,808.9,59.65
2026-04-22 20:45:30,240.26,0.046,5.28,0.4849,49.9,0.48,1,838.9,59.66
2026-04-22 20:46:00,240.06,0.045,5.28,0.4849,49.9,0.49,1,869.1,59.67
2026-04-22 20:46:31,240.16,0.045,5.28,0.4849,49.9,0.49,1,899.3,59.69
2026-04-22 20:47:01,240.06,0.045,5.28,0.4849,49.9,0.49,1,929.6,59.7
2026-04-22 20:47:31,239.95,0.045,5.28,0.4849,49.9,0.49,1,959.8,59.7
2026-04-22 20:48:02,239.85,0.046,5.28,0.4849,49.9,0.48,1,990.0,59.71
2026-04-22 20:48:32,239.64,0.046,5.28,0.4849,49.9,0.48,1,1020.2,59.72
2026-04-22 20:49:02,239.44,0.046,5.28,0.4849,49.9,0.48,1,1050.3,59.73
2026-04-22 20:49:32,239.64,0.046,5.28,0.4849,49.9,0.48,1,1080.4,59.74
2026-04-22 20:50:02,239.54,0.045,5.28,0.4849,49.9,0.49,1,1110.6,59.74
2026-04-22 20:50:33,239.75,0.046,5.28,0.4849,49.9,0.48,1,1140.7,59.75
2026-04-22 20:51:02,239.95,0.047,5.28,0.4849,49.9,0.47,1,1170.8,59.76
2026-04-22 20:51:32,240.06,0.047,5.28,0.4849,49.8,0.47,1,1200.8,59.76
2026-04-22 20:52:02,239.95,0.046,5.28,0.4849,49.8,0.48,1,1230.9,59.77
2026-04-22 20:52:32,236.22,0.044,5.28,0.4849,49.8,0.51,1,1261.0,59.78
2026-04-22 20:53:03,235.6,0.044,5.28,0.4849,49.8,0.51,1,1291.2,59.78
2026-04-22 20:53:33,234.88,0.043,5.28,0.4849,49.9,0.52,1,1321.3,59.79
2026-04-22 20:54:03,235.19,0.043,5.28,0.4849,49.9,0.52,1,1351.4,59.79
2026-04-22 20:54:33,235.6,0.043,5.28,0.4849,49.9,0.52,1,1381.5,59.79
2026-04-22 20:55:03,235.91,0.044,5.28,0.4849,49.8,0.51,1,1411.5,59.8
2026-04-22 21:33:31,243.27,0.045,5.28,0.4859,50.0,0.48,1,253.1,56.16
2026-04-22 21:34:02,243.27,0.045,5.28,0.4859,50.0,0.48,1,284.4,56.56
2026-04-22 21:34:32,243.79,0.045,5.28,0.4859,50.0,0.48,1,314.4,56.87
2026-04-22 21:35:02,243.68,0.045,5.28,0.4859,50.0,0.48,1,344.5,57.13
2026-04-22 21:35:32,243.06,0.045,5.28,0.4859,49.9,0.48,1,374.5,57.35
2026-04-22 21:36:02,243.17,0.045,5.28,0.4859,50.0,0.48,1,404.7,57.54
2026-04-22 21:36:32,243.27,0.045,5.28,0.4859,50.0,0.48,1,434.9,57.7
2026-04-22 21:37:11,243.48,0.045,5.28,0.4859,49.9,0.48,1,465.0,57.85
2026-04-22 21:37:33,243.48,0.045,5.28,0.4859,49.9,0.48,1,495.2,57.97
2026-04-22 21:38:03,243.37,0.045,5.39,0.4859,50.0,0.49,1,525.5,58.09
2026-04-22 21:38:33,243.06,0.045,5.28,0.4859,50.0,0.48,1,555.6,58.19
2026-04-22 21:39:04,243.17,0.045,5.39,0.4859,49.9,0.49,1,585.7,58.28
2026-04-22 21:39:33,242.85,0.045,5.39,0.4859,49.9,0.49,1,615.7,58.36
2026-04-22 21:40:03,243.06,0.045,5.39,0.4859,49.9,0.49,1,645.9,58.43
2026-04-22 21:40:34,243.48,0.045,5.39,0.4859,49.9,0.49,1,676.1,58.5
2026-04-22 21:41:04,243.68,0.045,5.39,0.4859,49.9,0.49,1,706.3,58.56
2026-04-22 21:41:34,243.37,0.045,5.28,0.4859,49.9,0.48,1,736.4,58.62
2026-04-22 21:42:04,243.89,0.045,5.39,0.487,49.9,0.49,1,766.5,58.67
2026-04-22 21:42:34,243.68,0.045,5.28,0.487,49.9,0.48,1,796.6,58.72
2026-04-22 21:43:04,243.89,0.045,5.39,0.487,49.9,0.49,1,826.8,58.77
2026-04-22 21:43:34,243.68,0.045,5.39,0.487,49.9,0.49,1,856.9,58.81
2026-04-22 21:44:04,243.89,0.045,5.39,0.487,49.9,0.49,1,887.1,58.85
2026-04-22 21:44:35,243.89,0.045,5.39,0.487,50.0,0.49,1,917.2,58.89
2026-04-22 21:45:05,243.89,0.046,5.39,0.487,50.0,0.48,1,947.4,58.92
2026-04-22 21:45:35,243.68,0.046,5.39,0.487,50.0,0.48,1,977.4,58.96
2026-04-22 21:46:05,243.79,0.046,5.39,0.487,50.0,0.48,1,1007.6,58.99
2026-04-22 21:46:35,243.58,0.046,5.39,0.487,50.0,0.48,1,1037.7,59.02
2026-04-22 21:47:05,243.99,0.046,5.39,0.487,50.0,0.48,1,1067.8,59.04
2026-04-22 21:47:35,243.89,0.046,5.28,0.487,50.0,0.47,1,1097.8,59.07
2026-04-22 21:48:06,243.68,0.046,5.39,0.487,50.0,0.48,1,1127.9,59.09
2026-04-22 21:48:36,243.79,0.046,5.39,0.487,50.0,0.48,1,1158.1,59.12
2026-04-22 21:49:06,243.58,0.046,5.28,0.487,50.0,0.47,1,1188.3,59.14
2026-04-22 21:49:36,243.79,0.047,5.39,0.487,50.0,0.47,1,1218.4,59.16
2026-04-22 21:50:06,243.48,0.046,5.39,0.487,50.0,0.48,1,1248.7,59.18
2026-04-22 21:50:36,243.79,0.046,5.39,0.487,50.0,0.48,1,1278.7,59.2
2026-04-22 21:51:06,243.48,0.046,5.39,0.487,50.0,0.48,1,1308.9,59.22
2026-04-22 21:51:36,243.89,0.047,5.39,0.487,50.0,0.47,1,1339.0,59.23
2026-04-22 21:52:07,243.79,0.046,5.39,0.487,50.0,0.48,1,1369.0,59.25
2026-04-22 21:52:37,243.58,0.047,5.39,0.487,50.0,0.47,1,1399.1,59.27
2026-04-22 21:53:10,243.48,0.047,5.49,0.487,50.0,0.48,1,1429.2,59.28
2026-04-22 21:53:37,243.68,0.046,5.39,0.487,50.0,0.48,1,1459.3,59.3
2026-04-22 21:54:07,243.68,0.046,5.39,0.487,50.0,0.48,1,1489.3,59.31
2026-04-22 21:54:37,243.89,0.047,5.49,0.488,50.0,0.48,1,1519.5,59.32
2026-04-22 21:55:07,242.65,0.046,5.39,0.488,50.0,0.48,1,1549.7,59.34
2026-04-22 21:55:37,242.75,0.046,5.39,0.488,50.0,0.48,1,1579.8,59.35
2026-04-22 21:56:08,242.75,0.046,5.39,0.488,50.0,0.48,1,1610.1,59.36
2026-04-22 21:56:38,242.54,0.046,5.39,0.488,50.0,0.48,1,1640.3,59.37
2026-04-22 21:57:08,242.75,0.046,5.39,0.488,50.0,0.48,1,1670.4,59.38
2026-04-22 21:57:38,243.27,0.046,5.39,0.488,50.0,0.48,1,1700.4,59.4
2026-04-22 21:58:08,243.37,0.0,0.0,0.488,50.0,0.0,0,1725.0,59.22
2026-04-22 21:58:38,243.37,0.0,0.93,0.488,50.0,1.0,1,1740.1,58.73
2026-04-22 21:59:09,243.37,0.0,0.93,0.488,50.0,1.0,1,1770.2,58.75
2026-04-22 21:59:38,243.37,0.0,0.93,0.488,50.0,1.0,1,1800.2,58.77
2026-04-22 22:00:08,242.85,0.0,0.93,0.488,50.0,1.0,1,1830.4,58.79
2026-04-22 22:00:38,243.27,0.0,0.93,0.488,50.0,1.0,1,1860.4,58.81
2026-04-22 22:01:09,243.48,0.0,0.83,0.488,50.0,1.0,1,1890.5,58.82
2026-04-22 22:01:39,243.68,0.0,0.93,0.488,50.0,1.0,1,1920.6,58.84
2026-04-22 22:02:09,243.79,0.0,0.93,0.488,50.0,1.0,1,1950.9,58.86
2026-04-22 22:02:39,244.2,0.0,0.83,0.488,50.0,1.0,1,1981.0,58.88
2026-04-22 22:03:09,244.1,0.0,0.83,0.488,50.0,1.0,1,2011.1,58.89
2026-04-22 22:03:39,243.89,0.0,0.83,0.488,50.0,1.0,1,2041.2,58.91
2026-04-22 22:04:10,243.79,0.0,0.83,0.488,49.9,1.0,1,2071.5,58.93
2026-04-22 22:04:39,244.31,0.0,0.73,0.488,49.9,1.0,1,2101.7,58.94
2026-04-22 22:05:10,244.1,0.0,0.73,0.488,49.9,1.0,1,2131.7,58.96
2026-04-22 22:05:40,243.79,0.0,0.73,0.488,49.9,1.0,1,2161.9,58.97
2026-04-22 22:06:10,244.1,0.0,0.73,0.488,49.9,1.0,1,2192.2,58.98
2026-04-22 22:06:40,243.79,0.0,0.73,0.488,49.9,1.0,1,2222.2,59.0
2026-04-22 22:07:11,243.79,0.0,0.73,0.488,49.9,1.0,1,2252.4,59.01
2026-04-22 22:08:11,243.79,0.0,0.62,0.488,49.8,1.0,1,2312.4,59.04
2026-04-22 22:08:41,243.89,0.0,0.62,0.488,49.8,1.0,1,2342.5,59.05
2026-04-22 22:09:11,243.37,0.0,0.52,0.488,49.8,1.0,1,2372.7,59.06
2026-04-22 22:09:41,243.58,0.0,0.52,0.488,49.8,1.0,1,2402.9,59.07
2026-04-22 22:10:11,243.48,0.0,0.62,0.488,49.8,1.0,1,2433.0,59.08
2026-04-22 22:10:41,244.2,0.0,0.52,0.488,49.8,1.0,1,2463.2,59.09
2026-04-22 22:11:11,243.79,0.0,0.52,0.488,49.8,1.0,1,2493.3,59.1
2026-04-22 22:11:42,244.2,0.0,0.52,0.488,49.8,1.0,1,2523.4,59.12
2026-04-22 22:12:12,244.31,0.0,0.52,0.488,49.8,1.0,1,2553.6,59.13
2026-04-22 22:12:41,244.2,0.0,0.52,0.488,49.8,1.0,1,2583.7,59.14
2026-04-22 22:13:12,244.2,0.0,0.41,0.488,49.9,1.0,1,2613.8,59.15
2026-04-22 22:13:42,244.2,0.0,0.52,0.488,49.9,1.0,1,2643.9,59.15
2026-04-22 22:14:12,244.2,0.0,0.41,0.488,49.9,1.0,1,2674.1,59.16
2026-04-22 22:14:42,243.99,0.0,0.41,0.488,49.9,1.0,1,2703.1,59.15
2026-04-22 22:15:12,244.2,0.0,0.41,0.488,49.9,1.0,1,2731.7,59.13
2026-04-22 22:15:43,244.62,0.0,0.41,0.488,49.9,1.0,1,2759.4,59.09
2026-04-22 22:16:13,244.51,0.0,0.0,0.488,50.0,0.0,0,2783.6,58.97
2026-04-22 22:16:42,244.62,0.0,0.0,0.488,50.0,0.0,0,2806.3,58.83
2026-04-22 22:17:13,244.31,0.0,0.41,0.488,49.9,1.0,1,2825.2,58.61
2026-04-22 22:17:43,244.2,0.0,0.41,0.488,49.9,1.0,1,2842.7,58.36
2026-04-22 22:18:13,244.41,0.0,0.0,0.488,50.0,0.0,0,2858.2,58.08
2026-04-22 22:18:43,244.31,0.0,0.0,0.488,50.0,0.0,0,2863.2,57.6
2026-04-22 22:19:13,244.41,0.0,0.0,0.488,50.0,0.0,0,2870.7,57.17
2026-04-22 22:19:44,244.72,0.0,0.0,0.488,50.0,0.0,0,2878.3,56.75
2026-04-22 22:20:14,240.47,0.0,0.0,0.488,50.0,0.0,0,2880.6,56.24
2026-04-22 22:20:44,242.85,0.0,0.0,0.488,49.9,0.0,0,2880.6,55.69
2026-04-22 22:21:14,241.09,0.0,0.0,0.488,49.9,0.0,0,2880.6,55.15
2026-04-22 22:21:44,241.51,0.0,0.0,0.488,50.0,0.0,0,2880.6,54.63
2026-04-22 22:22:14,240.16,0.0,0.0,0.488,49.9,0.0,0,2880.6,54.11
2026-04-22 22:22:44,240.47,0.0,0.0,0.488,49.9,0.0,0,2880.6,53.61
2026-04-22 22:23:14,239.44,0.0,0.0,0.488,49.9,0.0,0,2880.6,53.11
2026-04-22 22:23:45,242.96,0.0,0.0,0.488,49.9,0.0,0,2880.6,52.63
2026-04-22 22:24:14,243.06,0.0,0.0,0.488,49.9,0.0,0,2880.6,52.15
2026-04-22 22:24:45,243.48,0.0,0.0,0.488,49.9,0.0,0,2880.6,51.68
2026-04-22 22:25:15,243.48,0.0,0.0,0.488,49.9,0.0,0,2880.6,51.22
2026-04-22 22:25:45,243.27,0.0,0.0,0.488,49.9,0.0,0,2880.6,50.76
2026-04-22 22:26:15,243.17,0.0,0.0,0.488,49.9,0.0,0,2880.6,50.32
2026-04-22 22:26:45,243.17,0.0,0.0,0.488,49.9,0.0,0,2880.6,49.88
2026-04-22 23:00:20,246.9,0.115,15.33,0.488,49.9,0.54,1,18.0,36.07
2026-04-22 23:00:50,246.58,0.115,15.33,0.488,49.9,0.54,1,48.1,48.04
2026-04-22 23:01:50,246.38,0.12,15.96,0.488,49.9,0.54,1,22.1,44.2
2026-04-22 23:02:20,246.38,0.112,14.82,0.488,49.9,0.54,1,52.2,52.12
2026-04-22 23:02:50,246.27,0.11,14.5,0.489,49.9,0.54,1,82.3,54.75
2026-04-22 23:03:20,246.79,0.101,13.26,0.489,49.9,0.53,1,112.4,56.06
2026-04-23 09:54:56,232.32,0.081,10.89,0.466,49.9,0.58,1,624.8,58.99
2026-04-23 09:55:26,232.12,0.079,10.4,0.466,49.9,0.57,1,655.0,59.04
2026-04-23 09:55:57,231.92,0.079,10.5,0.466,49.9,0.57,1,685.0,59.08
2026-04-23 09:56:27,231.73,0.079,10.4,0.466,49.9,0.57,1,715.0,59.12
2026-04-23 09:56:57,231.92,0.083,11.09,0.466,49.9,0.58,1,745.3,59.15
2026-04-23 09:57:27,232.02,0.076,10.01,0.466,50.0,0.57,1,775.3,59.18
2026-04-23 09:57:57,232.81,0.076,10.01,0.466,49.9,0.57,1,805.4,59.21
2026-04-23 09:58:27,232.51,0.078,10.4,0.466,49.9,0.57,1,835.4,59.24
2026-04-23 09:58:57,232.51,0.079,10.5,0.466,49.9,0.57,1,865.5,59.27
2026-04-23 09:59:27,232.51,0.057,6.87,0.466,49.9,0.52,1,886.7,58.7
2026-04-23 09:59:57,232.22,0.059,7.26,0.466,49.9,0.53,1,916.8,58.74
2026-04-23 10:00:28,231.63,0.059,6.97,0.467,49.9,0.51,1,947.0,58.78
2026-04-23 10:00:58,231.83,0.057,6.48,0.467,49.9,0.49,1,977.0,58.81
2026-04-23 10:01:28,232.32,0.059,6.97,0.467,49.9,0.51,1,1007.0,58.85
2026-04-23 10:01:58,232.12,0.059,7.06,0.467,49.9,0.52,1,1037.1,58.88
2026-04-23 10:02:28,232.12,0.049,5.4,0.467,49.9,0.47,1,1067.1,58.91
2026-04-23 10:02:58,232.02,0.05,5.49,0.467,50.0,0.47,1,1097.3,58.94
2026-04-23 10:03:28,231.83,0.05,5.79,0.467,49.9,0.5,1,1127.3,58.97
2026-04-23 10:03:58,231.63,0.052,5.98,0.467,49.9,0.5,1,1157.5,59.0
2026-04-23 10:04:28,231.53,0.049,5.59,0.467,49.9,0.49,1,1187.6,59.02
2026-04-23 10:04:58,231.83,0.051,5.79,0.467,49.9,0.49,1,1217.7,59.04
2026-04-23 10:05:28,231.83,0.048,5.49,0.467,49.9,0.49,1,1247.7,59.07
2026-04-23 10:05:58,231.83,0.061,7.85,0.467,49.9,0.56,1,1277.9,59.09
2026-04-23 10:06:29,231.24,0.06,7.65,0.467,49.9,0.55,1,1308.0,59.11
2026-04-23 10:06:59,231.34,0.048,5.59,0.467,49.9,0.5,1,1338.0,59.13
2026-04-23 10:07:29,231.34,0.051,6.28,0.467,49.9,0.53,1,1368.1,59.15
2026-04-23 10:07:59,232.42,0.056,6.97,0.467,49.9,0.54,1,1398.1,59.17
2026-04-23 10:08:29,232.42,0.058,7.26,0.467,49.9,0.54,1,1428.3,59.18
2026-04-23 10:08:59,232.81,0.054,6.77,0.468,49.9,0.54,1,1458.3,59.2
2026-04-23 10:09:29,232.71,0.055,6.77,0.468,49.9,0.53,1,1488.5,59.22
2026-04-23 10:09:59,232.91,0.057,7.06,0.468,49.9,0.53,1,1518.6,59.23
2026-04-23 10:10:29,233.0,0.045,5.1,0.468,49.9,0.49,1,1548.6,59.25
2026-04-23 10:10:59,233.2,0.04,4.32,0.468,49.9,0.46,1,1578.8,59.26
2026-04-23 10:11:29,233.1,0.05,5.89,0.468,49.9,0.51,1,1608.8,59.27
2026-04-23 10:12:00,233.3,0.048,5.69,0.468,49.9,0.51,1,1639.0,59.29
2026-04-23 10:12:30,233.4,0.05,5.89,0.468,49.8,0.5,1,1669.3,59.3
2026-04-23 10:13:00,233.69,0.063,8.04,0.468,49.9,0.55,1,1699.4,59.31
2026-04-23 10:13:30,233.69,0.056,7.06,0.468,49.9,0.54,1,1729.5,59.32
2026-04-23 10:14:00,233.59,0.068,9.03,0.468,49.9,0.57,1,1759.6,59.34
2026-04-23 10:14:30,233.79,0.061,7.75,0.468,49.9,0.54,1,1789.7,59.35
2026-04-23 10:15:00,233.69,0.054,6.77,0.468,49.9,0.54,1,1819.8,59.36
2026-04-23 10:15:31,233.79,0.056,7.06,0.468,49.9,0.54,1,1849.9,59.37
2026-04-23 10:16:01,233.99,0.057,7.26,0.468,49.9,0.54,1,1880.0,59.38
2026-04-23 10:16:31,234.18,0.051,6.38,0.468,49.9,0.53,1,1910.1,59.39
2026-04-23 10:17:01,230.65,0.051,6.48,0.468,49.9,0.55,1,1940.2,59.4
2026-04-23 10:17:31,230.75,0.05,6.28,0.468,49.9,0.54,1,1970.2,59.41
2026-04-23 10:18:01,230.65,0.057,7.55,0.468,49.9,0.57,1,2000.3,59.41
2026-04-23 10:18:31,230.75,0.05,6.38,0.469,49.9,0.55,1,2030.4,59.42
2026-04-23 10:19:01,230.94,0.051,6.57,0.469,49.9,0.56,1,2060.4,59.43
2026-04-23 10:19:31,232.22,0.055,7.06,0.469,49.8,0.55,1,2090.5,59.44
2026-04-23 10:20:01,233.1,0.049,6.18,0.469,49.9,0.54,1,2120.5,59.45
2026-04-23 10:20:31,231.43,0.058,7.46,0.469,49.8,0.56,1,2150.6,59.46
2026-04-23 10:21:01,232.02,0.047,5.79,0.469,49.9,0.53,1,2180.6,59.46
2026-04-23 10:21:31,230.75,0.049,6.28,0.469,49.8,0.56,1,2210.8,59.47
2026-04-23 10:22:02,230.94,0.05,6.38,0.469,49.9,0.55,1,2240.8,59.48
2026-04-23 10:22:32,230.75,0.042,5.2,0.469,49.9,0.54,1,2271.0,59.48
2026-04-23 10:23:02,231.14,0.052,6.67,0.469,49.9,0.56,1,2301.1,59.49
2026-04-23 10:23:32,230.85,0.041,5.0,0.469,49.9,0.53,1,2331.2,59.5
2026-04-23 10:24:02,231.04,0.038,4.51,0.469,49.9,0.51,1,2361.3,59.5
2026-04-23 10:24:32,231.73,0.041,5.0,0.469,49.9,0.53,1,2391.3,59.51
2026-04-23 10:25:02,231.53,0.042,5.1,0.469,49.9,0.52,1,2421.4,59.52
2026-04-23 10:25:32,230.94,0.041,5.0,0.469,49.9,0.53,1,2451.4,59.52
2026-04-23 10:26:02,231.53,0.038,4.71,0.469,49.9,0.54,1,2481.5,59.53
2026-04-23 10:26:32,231.73,0.032,3.73,0.469,50.0,0.5,1,2511.6,59.53
2026-04-23 10:27:02,230.06,0.032,3.83,0.469,50.0,0.52,1,2541.6,59.54
2026-04-23 10:27:33,231.14,0.032,3.63,0.469,49.9,0.49,1,2571.7,59.54
2026-04-23 10:28:03,231.92,0.033,3.83,0.469,49.9,0.5,1,2601.9,59.55
2026-04-23 10:28:33,235.65,0.036,3.83,0.469,49.9,0.45,1,2632.0,59.55
2026-04-23 10:29:03,235.85,0.035,3.73,0.4699,49.9,0.45,1,2662.0,59.56
2026-04-23 10:29:33,235.75,0.034,3.53,0.4699,49.9,0.44,1,2692.1,59.56
2026-04-23 10:30:03,235.65,0.034,3.63,0.4699,49.9,0.45,1,2722.2,59.57
2026-04-23 10:30:34,235.75,0.035,3.83,0.4699,49.9,0.46,1,2752.4,59.57
2026-04-23 10:31:03,236.05,0.033,3.53,0.4699,49.9,0.45,1,2782.4,59.58
2026-04-23 10:31:33,235.85,0.034,3.73,0.4699,49.9,0.46,1,2812.6,59.58
2026-04-23 10:32:04,235.16,0.034,3.63,0.4699,49.9,0.45,1,2842.6,59.59
2026-04-23 10:32:34,235.36,0.033,3.53,0.4699,49.9,0.45,1,2872.8,59.59
2026-04-23 10:33:03,235.36,0.032,3.34,0.4699,49.9,0.44,1,2902.9,59.6
2026-04-23 10:33:34,235.55,0.03,3.14,0.4699,49.9,0.44,1,2933.0,59.6
2026-04-23 10:34:04,235.65,0.03,3.04,0.4699,49.9,0.43,1,2963.1,59.6
2026-04-23 10:34:34,235.95,0.03,3.14,0.4699,49.9,0.44,1,2993.3,59.61
2026-04-23 10:35:04,234.87,0.032,3.43,0.4699,49.9,0.46,1,3023.4,59.61
2026-04-23 10:35:35,234.97,0.032,3.34,0.4699,49.9,0.44,1,3053.7,59.62
2026-04-23 10:36:05,234.87,0.031,3.14,0.4699,49.9,0.43,1,3083.7,59.62
2026-04-23 10:36:35,235.06,0.031,3.24,0.4699,49.9,0.44,1,3113.9,59.62
2026-04-23 10:37:05,235.55,0.03,3.14,0.4699,49.9,0.44,1,3143.9,59.63
2026-04-23 10:37:35,235.46,0.03,3.04,0.4699,49.9,0.43,1,3173.9,59.63
2026-04-23 10:38:05,235.85,0.029,3.04,0.4699,49.9,0.44,1,3204.0,59.63
2026-04-23 10:38:35,235.65,0.032,3.43,0.4699,49.9,0.46,1,3234.1,59.64
2026-04-23 10:39:05,235.95,0.028,2.75,0.4699,49.9,0.42,1,3264.2,59.64
2026-04-23 10:39:35,236.05,0.039,4.32,0.4699,49.9,0.47,1,3294.2,59.64
2026-04-23 10:40:05,236.44,0.04,4.41,0.4699,50.0,0.47,1,3324.5,59.65
2026-04-23 10:40:35,236.24,0.038,4.22,0.4699,49.9,0.47,1,3354.6,59.65
2026-04-23 10:41:06,236.73,0.032,3.34,0.4699,49.9,0.44,1,3384.7,59.65
2026-04-23 10:41:36,236.73,0.046,5.3,0.4699,50.0,0.49,1,3414.9,59.66
2026-04-23 10:42:06,236.63,0.035,3.73,0.4699,49.9,0.45,1,3445.1,59.66
2026-04-23 10:42:36,236.63,0.0,0.0,0.4699,50.0,0.0,0,3473.7,59.64
2026-04-23 10:43:07,236.44,0.0,0.0,0.4699,50.0,0.0,0,3473.7,59.12
2026-04-23 10:43:36,236.83,0.0,0.0,0.4699,49.9,0.0,0,3473.7,58.63
2026-04-23 10:44:06,236.63,0.0,0.0,0.4699,49.9,0.0,0,3473.7,58.13
2026-04-23 10:44:36,236.63,0.0,0.0,0.4699,49.9,0.0,0,3473.7,57.65
2026-04-23 10:45:07,236.93,0.0,0.0,0.4699,50.0,0.0,0,3473.7,57.17
2026-04-23 10:45:40,237.12,0.0,0.0,0.4699,50.0,0.0,0,3473.7,56.7
2026-04-23 10:46:07,237.12,0.0,0.0,0.4699,49.9,0.0,0,3473.7,56.24
2026-04-23 10:46:37,237.12,0.0,0.0,0.4699,49.9,0.0,0,3473.7,55.79
2026-04-23 10:47:07,237.12,0.0,0.0,0.4699,49.9,0.0,0,3473.7,55.34
2026-04-23 10:47:38,236.93,0.0,0.0,0.4699,49.9,0.0,0,3473.7,54.91
2026-04-23 10:48:10,237.03,0.0,0.0,0.4699,50.0,0.0,0,3473.7,54.47
2026-04-23 10:49:38,236.83,0.0,0.0,0.4699,50.0,0.0,0,3473.7,53.22
2026-04-23 10:50:38,235.65,0.0,0.0,0.4699,49.9,0.0,0,3473.7,52.41
2026-04-23 10:51:08,235.65,0.0,0.0,0.4699,50.0,0.0,0,3473.7,52.02
2026-04-23 10:51:38,235.85,0.0,0.0,0.4699,50.0,0.0,0,3473.7,51.63
2026-04-23 10:52:10,235.75,0.0,0.0,0.4699,50.0,0.0,0,3473.7,51.25
2026-04-23 10:52:38,235.85,0.0,0.0,0.4699,50.0,0.0,0,3473.7,50.87
2026-04-23 10:53:08,235.95,0.0,0.0,0.4699,50.0,0.0,0,3473.7,50.5
2026-04-23 10:53:39,235.95,0.0,0.0,0.4699,49.9,0.0,0,3473.7,50.13
2026-04-23 10:54:09,235.85,0.0,0.0,0.4699,49.9,0.0,0,3473.7,49.77
2026-04-23 10:54:38,235.65,0.0,0.0,0.4699,50.0,0.0,0,3473.7,49.42
2026-04-23 10:55:09,235.65,0.0,0.0,0.4699,50.0,0.0,0,3473.7,49.07
2026-04-23 10:55:39,235.75,0.0,0.0,0.4699,50.0,0.0,0,3473.7,48.72
2026-04-23 10:56:09,235.65,0.0,0.0,0.4699,50.0,0.0,0,3473.7,48.38
2026-04-23 10:56:39,235.55,0.0,0.0,0.4699,50.0,0.0,0,3473.7,48.05
2026-04-23 10:57:10,235.06,0.0,0.0,0.4699,50.0,0.0,0,3473.7,47.72
2026-04-23 10:57:39,234.97,0.0,0.0,0.4699,50.0,0.0,0,3473.7,47.39
2026-04-23 10:58:10,234.77,0.0,0.0,0.4699,50.0,0.0,0,3473.7,47.07
2026-04-23 10:58:39,234.87,0.0,0.0,0.4699,50.0,0.0,0,3473.7,46.75
2026-04-23 10:59:10,234.87,0.0,0.0,0.4699,50.0,0.0,0,3473.7,46.44
2026-04-23 10:59:40,234.67,0.0,0.0,0.4699,50.0,0.0,0,3473.7,46.12
2026-04-23 11:00:10,234.87,0.0,0.0,0.4699,50.0,0.0,0,3473.7,45.82
2026-04-23 11:01:13,234.97,0.0,0.0,0.4699,50.0,0.0,0,3473.7,45.22
2026-04-23 11:01:40,234.67,0.0,0.0,0.4699,50.0,0.0,0,3473.7,44.93
2026-04-23 11:02:10,234.57,0.0,0.0,0.4699,50.0,0.0,0,3473.7,44.64
2026-04-23 11:02:40,234.77,0.0,0.0,0.4699,50.0,0.0,0,3473.7,44.35
2026-04-23 11:03:10,234.87,0.0,0.0,0.4699,50.0,0.0,0,3473.7,44.07
2026-04-23 11:03:41,234.97,0.0,0.0,0.4699,50.0,0.0,0,3473.7,43.79
2026-04-23 11:04:11,234.97,0.0,0.0,0.4699,50.0,0.0,0,3473.7,43.51
2026-04-23 11:04:41,235.16,0.0,0.0,0.4699,50.0,0.0,0,3473.7,43.24
2026-04-23 11:05:11,235.26,0.0,0.0,0.4699,50.0,0.0,0,3473.7,42.98
2026-04-23 11:05:42,235.75,0.0,0.0,0.4699,50.0,0.0,0,3473.7,42.71
2026-04-23 11:06:12,235.55,0.0,0.0,0.4699,50.1,0.0,0,3473.7,42.45
2026-04-23 11:06:42,235.06,0.0,0.0,0.4699,50.0,0.0,0,3473.7,42.19
2026-04-23 11:07:12,234.97,0.0,0.0,0.4699,50.0,0.0,0,3473.7,41.93
2026-04-23 11:07:42,234.87,0.0,0.0,0.4699,50.1,0.0,0,3473.7,41.68
2026-04-23 11:08:12,234.77,0.0,0.0,0.4699,50.0,0.0,0,3473.7,41.43
2026-04-23 11:08:42,234.87,0.0,0.0,0.4699,50.0,0.0,0,3473.7,41.18
2026-04-23 11:09:12,234.77,0.0,0.0,0.4699,50.0,0.0,0,3473.7,40.94
2026-04-23 11:09:42,234.77,0.0,0.0,0.4699,50.0,0.0,0,3473.7,40.7
2026-04-23 11:10:12,235.85,0.0,0.0,0.4699,50.0,0.0,0,3473.7,40.46
2026-04-23 11:10:42,235.95,0.0,0.0,0.4699,50.0,0.0,0,3473.7,40.23
2026-04-23 11:11:13,235.85,0.0,0.0,0.4699,50.0,0.0,0,3473.7,39.99
2026-04-23 11:11:43,235.65,0.0,0.0,0.4699,50.0,0.0,0,3473.7,39.77
2026-04-23 11:12:13,235.55,0.0,0.0,0.4699,50.0,0.0,0,3473.7,39.54
2026-04-23 11:12:43,235.65,0.0,0.0,0.4699,50.0,0.0,0,3473.7,39.31
2026-04-23 11:13:13,235.85,0.0,0.0,0.4699,50.0,0.0,0,3473.7,39.09
2026-04-23 11:13:43,236.44,0.0,0.0,0.4699,50.0,0.0,0,3473.7,38.87
2026-04-23 11:14:43,236.83,0.0,0.0,0.4699,50.0,0.0,0,3473.7,38.44
2026-04-23 11:15:14,236.73,0.0,0.0,0.4699,50.0,0.0,0,3473.7,38.23
2026-04-23 11:15:44,236.83,0.0,0.0,0.4699,50.0,0.0,0,3473.7,38.02
2026-04-23 11:16:14,237.12,0.0,0.0,0.4699,50.0,0.0,0,3473.7,37.81
2026-04-23 11:16:44,237.32,0.0,0.0,0.4699,50.0,0.0,0,3473.7,37.6
2026-04-23 11:17:14,237.12,0.0,0.0,0.4699,50.0,0.0,0,3473.7,37.4
2026-04-23 11:17:45,237.12,0.0,0.0,0.4699,50.0,0.0,0,3473.7,37.2
2026-04-23 11:18:15,237.22,0.0,0.0,0.4699,50.0,0.0,0,3473.7,37.0
2026-04-23 11:18:45,237.42,0.0,0.0,0.4699,50.0,0.0,0,3473.7,36.8
2026-04-23 11:19:15,235.85,0.0,0.0,0.4699,50.0,0.0,0,3473.7,36.61
2026-04-23 11:19:45,236.05,0.0,0.0,0.4699,50.0,0.0,0,3473.7,36.41
2026-04-23 11:20:15,236.34,0.0,0.0,0.4699,50.0,0.0,0,3473.7,36.22
2026-04-23 11:20:45,236.34,0.0,0.0,0.4699,50.0,0.0,0,3473.7,36.03
2026-04-23 11:21:16,236.34,0.0,0.0,0.4699,50.0,0.0,0,3473.7,35.85
2026-04-23 11:21:46,236.44,0.0,0.0,0.4699,50.0,0.0,0,3473.7,35.66
2026-04-23 11:22:16,236.63,0.0,0.0,0.4699,50.0,0.0,0,3473.7,35.48
2026-04-23 11:22:46,237.12,0.0,0.0,0.4699,50.0,0.0,0,3473.7,35.3
2026-04-23 11:23:16,237.03,0.0,0.0,0.4699,50.0,0.0,0,3473.7,35.12
2026-04-23 11:23:46,236.93,0.0,0.0,0.4699,50.0,0.0,0,3473.7,34.94
2026-04-23 11:24:16,237.03,0.0,0.0,0.4699,50.0,0.0,0,3473.7,34.76
2026-04-23 11:24:47,236.54,0.501,118.12,0.4709,50.0,1.0,1,3483.0,34.68
2026-04-23 11:25:16,236.44,0.49,115.28,0.4719,50.0,1.0,1,3513.1,34.81
2026-04-23 11:25:47,236.54,0.486,114.29,0.4719,50.0,0.99,1,3543.2,34.93
2026-04-23 11:26:17,236.44,0.484,113.61,0.4739,50.0,0.99,1,3573.2,35.06
2026-04-23 11:26:47,236.44,0.482,113.22,0.4748,50.0,0.99,1,3603.3,35.18
2026-04-23 11:27:17,236.54,0.481,112.92,0.4748,50.0,0.99,1,3633.4,35.3
2026-04-23 11:27:47,236.63,0.48,112.72,0.4758,50.0,0.99,1,3663.5,35.42
2026-04-23 11:28:17,236.34,0.479,112.33,0.4768,50.0,0.99,1,3693.7,35.54
2026-04-23 11:28:47,236.54,0.479,112.43,0.4778,50.0,0.99,1,3723.9,35.66
2026-04-23 11:29:18,236.34,0.478,112.14,0.4788,50.0,0.99,1,3753.9,35.77
2026-04-23 11:29:47,236.54,0.478,112.14,0.4797,50.0,0.99,1,3784.0,35.89
2026-04-23 11:30:18,236.54,0.478,112.14,0.4807,50.0,0.99,1,3814.0,36.0
2026-04-23 11:30:48,236.44,0.477,112.04,0.4817,50.0,0.99,1,3844.0,36.11
2026-04-23 11:31:18,236.44,0.477,111.84,0.4827,50.0,0.99,1,3874.2,36.23
2026-04-23 11:31:48,236.34,0.477,111.84,0.4837,50.0,0.99,1,3904.2,36.34
2026-04-23 11:32:18,236.24,0.477,111.65,0.4846,50.0,0.99,1,3934.4,36.45
2026-04-23 11:32:48,235.85,0.476,111.35,0.4856,50.0,0.99,1,3964.6,36.56
2026-04-23 11:33:19,235.55,0.475,111.06,0.4866,50.0,0.99,1,3994.8,36.67
2026-04-23 11:33:49,235.75,0.475,111.16,0.4876,50.0,0.99,1,4024.9,36.77
2026-04-23 11:34:19,235.85,0.475,111.25,0.4886,50.0,0.99,1,4055.1,36.88
2026-04-23 11:34:49,235.95,0.473,110.76,0.4896,49.9,0.99,1,4085.3,36.98
2026-04-23 11:35:19,235.95,0.475,111.16,0.4905,49.9,0.99,1,4115.4,37.09
2026-04-23 11:35:49,235.95,0.475,111.25,0.4915,49.9,0.99,1,4145.5,37.19
2026-04-23 11:36:19,236.05,0.475,111.25,0.4925,49.9,0.99,1,4175.7,37.29
2026-04-23 11:36:50,235.85,0.475,111.16,0.4935,49.9,0.99,1,4205.8,37.39
2026-04-23 11:37:19,235.95,0.475,111.16,0.4945,50.0,0.99,1,4235.8,37.49
2026-04-23 11:37:50,236.14,0.475,111.16,0.4945,50.0,0.99,1,4265.9,37.59
2026-04-23 11:38:19,235.65,0.474,110.86,0.4954,50.0,0.99,1,4296.1,37.69
2026-04-23 11:38:50,235.85,0.475,111.16,0.4964,50.0,0.99,1,4326.2,37.79
2026-04-23 11:39:20,235.85,0.475,111.16,0.4974,50.0,0.99,1,4356.2,37.89
2026-04-23 11:39:50,236.05,0.474,111.06,0.4984,50.0,0.99,1,4386.4,37.98
2026-04-23 11:40:20,235.85,0.475,111.25,0.4994,49.9,0.99,1,4416.7,38.08
2026-04-23 11:40:50,235.85,0.475,111.06,0.5003,49.9,0.99,1,4446.9,38.17
2026-04-23 11:41:21,235.46,0.474,110.66,0.5013,50.0,0.99,1,4477.0,38.27
2026-04-23 11:41:51,235.75,0.474,110.96,0.5023,49.9,0.99,1,4507.0,38.36
2026-04-23 11:42:21,235.95,0.475,111.06,0.5033,49.9,0.99,1,4537.2,38.45
2026-04-23 11:42:51,235.55,0.474,110.76,0.5043,49.9,0.99,1,4567.3,38.54
2026-04-23 11:43:21,235.95,0.474,111.06,0.5053,49.9,0.99,1,4597.3,38.63
2026-04-23 11:43:51,235.65,0.474,110.76,0.5062,49.9,0.99,1,4627.4,38.72
2026-04-23 11:44:21,235.95,0.474,110.96,0.5072,49.9,0.99,1,4657.6,38.81
2026-04-23 11:44:51,235.75,0.473,110.66,0.5082,49.9,0.99,1,4687.9,38.9
2026-04-23 11:45:21,235.55,0.474,110.76,0.5092,49.9,0.99,1,4718.0,38.99
2026-04-23 11:45:52,235.46,0.474,110.76,0.5102,49.9,0.99,1,4748.0,39.08
2026-04-23 11:46:22,235.95,0.475,111.16,0.5111,50.0,0.99,1,4778.2,39.16
2026-04-23 11:46:52,236.24,0.475,111.25,0.5121,49.9,0.99,1,4808.3,39.25
2026-04-23 11:47:22,235.95,0.474,110.96,0.5121,49.9,0.99,1,4838.4,39.33
2026-04-23 11:47:52,235.55,0.474,110.76,0.5131,49.9,0.99,1,4868.4,39.42
2026-04-23 11:48:23,235.55,0.474,110.76,0.5151,49.9,0.99,1,4898.6,39.5
2026-04-23 11:48:52,235.55,0.474,110.76,0.5151,50.0,0.99,1,4928.6,39.58
2026-04-23 11:49:22,235.36,0.473,110.47,0.516,49.9,0.99,1,4958.8,39.66
2026-04-23 11:49:53,235.16,0.472,110.17,0.517,49.9,0.99,1,4988.9,39.74
2026-04-23 11:50:23,235.26,0.473,110.27,0.518,49.9,0.99,1,5019.0,39.83
2026-04-23 11:50:52,235.16,0.473,110.37,0.519,49.9,0.99,1,5049.1,39.91
2026-04-23 11:51:23,235.46,0.474,110.66,0.52,49.9,0.99,1,5079.2,39.98
2026-04-23 11:51:53,235.16,0.473,110.37,0.5209,49.9,0.99,1,5109.4,40.06
2026-04-23 11:52:23,234.87,0.473,110.27,0.5219,50.0,0.99,1,5139.4,40.14
2026-04-23 11:52:53,235.16,0.474,110.47,0.5229,49.9,0.99,1,5169.5,40.22
2026-04-23 11:53:24,235.06,0.472,110.17,0.5239,49.9,0.99,1,5199.7,40.3
2026-04-23 11:53:53,234.87,0.472,110.08,0.5249,49.9,0.99,1,5229.7,40.37
2026-04-23 11:54:24,235.16,0.474,110.57,0.5259,49.9,0.99,1,5259.9,40.45
2026-04-23 11:54:54,235.85,0.0,0.0,0.5259,49.9,0.0,0,5275.8,40.41
2026-04-23 11:55:24,236.05,0.0,0.0,0.5259,49.9,0.0,0,5275.8,40.26
2026-04-23 12:57:53,238.4,0.422,94.97,0.5268,50.0,0.94,1,22.7,45.24
2026-04-23 12:58:23,238.69,0.421,95.07,0.5278,50.0,0.95,1,52.8,52.62
2026-04-23 12:58:53,238.6,0.421,94.87,0.5278,50.0,0.94,1,82.9,55.08
2026-04-23 12:59:23,238.5,0.42,94.77,0.5288,50.0,0.95,1,112.9,56.31
2026-04-23 12:59:53,238.79,0.42,94.87,0.5298,50.0,0.95,1,143.1,57.05
2026-04-23 13:00:24,238.99,0.42,95.07,0.5308,50.0,0.95,1,173.1,57.54
2026-04-23 13:00:54,239.09,0.42,94.97,0.5317,50.0,0.95,1,203.3,57.89
2026-04-23 13:01:24,239.48,0.421,95.36,0.5327,50.0,0.95,1,233.4,58.15
2026-04-23 13:01:54,239.68,0.421,95.46,0.5327,50.0,0.95,1,263.5,58.36
2026-04-23 13:02:24,239.68,0.42,95.36,0.5337,50.0,0.95,1,293.8,58.52
2026-04-23 13:02:54,239.58,0.42,95.36,0.5347,50.0,0.95,1,323.9,58.66
2026-04-23 13:03:24,239.18,0.419,94.87,0.5357,50.0,0.95,1,353.9,58.77
2026-04-23 13:03:55,239.38,0.419,95.07,0.5366,50.0,0.95,1,384.1,58.87
2026-04-23 13:04:25,239.58,0.419,95.16,0.5366,50.0,0.95,1,414.2,58.95
2026-04-23 13:04:55,239.77,0.419,95.26,0.5376,50.0,0.95,1,444.3,59.02
2026-04-23 13:05:25,239.87,0.42,95.46,0.5386,50.0,0.95,1,474.3,59.08
2026-04-23 13:05:55,239.87,0.419,95.26,0.5396,50.0,0.95,1,504.5,59.13
2026-04-23 13:06:25,239.48,0.418,94.97,0.5406,50.0,0.95,1,534.6,59.18
2026-04-23 13:06:55,239.58,0.419,95.07,0.5406,50.0,0.95,1,564.7,59.22
2026-04-23 13:07:25,239.68,0.419,95.07,0.5416,49.9,0.95,1,594.9,59.26
2026-04-23 13:07:55,239.77,0.419,95.16,0.5425,50.0,0.95,1,624.9,59.3
2026-04-23 13:08:25,240.17,0.419,95.46,0.5435,50.0,0.95,1,655.1,59.33
2026-04-23 13:08:56,239.97,0.419,95.36,0.5445,49.9,0.95,1,685.1,59.36
2026-04-23 13:09:26,239.97,0.419,95.26,0.5455,50.0,0.95,1,715.3,59.39
2026-04-23 13:09:56,239.87,0.419,95.26,0.5455,49.9,0.95,1,745.3,59.41
2026-04-23 13:10:26,239.97,0.419,95.26,0.5465,49.9,0.95,1,775.3,59.43
2026-04-23 13:10:56,240.36,0.419,95.65,0.5474,49.9,0.95,1,805.4,59.45
2026-04-23 13:11:26,239.97,0.418,95.16,0.5484,49.9,0.95,1,835.5,59.47
2026-04-23 13:11:56,239.77,0.418,95.07,0.5494,50.0,0.95,1,865.6,59.49
2026-04-23 13:12:26,240.17,0.419,95.36,0.5494,50.0,0.95,1,895.8,59.51
2026-04-23 13:12:56,240.17,0.419,95.36,0.5504,49.9,0.95,1,925.9,59.52
2026-04-23 13:13:26,240.07,0.418,95.26,0.5514,49.9,0.95,1,955.9,59.54
2026-04-23 13:13:56,239.97,0.418,95.16,0.5523,49.9,0.95,1,986.0,59.55
2026-04-23 13:14:27,239.87,0.418,95.07,0.5533,49.9,0.95,1,1016.0,59.57
2026-04-23 13:14:57,239.68,0.417,94.87,0.5533,49.9,0.95,1,1046.2,59.58
2026-04-23 13:15:27,239.58,0.418,94.87,0.5543,49.9,0.95,1,1076.2,59.59
2026-04-23 13:15:57,239.18,0.416,94.48,0.5553,49.9,0.95,1,1106.3,59.6
2026-04-23 13:16:27,239.68,0.418,94.97,0.5563,49.9,0.95,1,1136.3,59.61
2026-04-23 13:16:57,239.68,0.417,94.87,0.5572,50.0,0.95,1,1166.4,59.62
2026-04-23 13:17:27,239.58,0.417,94.87,0.5572,50.0,0.95,1,1196.7,59.63
2026-04-23 13:17:57,239.68,0.417,94.87,0.5582,50.0,0.95,1,1226.8,59.64
2026-04-23 13:18:27,239.97,0.418,95.16,0.5592,50.0,0.95,1,1256.9,59.65
2026-04-23 13:18:57,239.87,0.418,94.97,0.5602,50.0,0.95,1,1287.0,59.66
2026-04-23 13:19:27,239.97,0.418,95.07,0.5612,50.0,0.95,1,1317.1,59.66
2026-04-23 13:19:57,239.87,0.418,95.07,0.5612,50.0,0.95,1,1347.1,59.67
2026-04-23 13:20:27,239.97,0.418,95.07,0.5622,50.0,0.95,1,1377.2,59.68
2026-04-23 13:20:58,240.17,0.418,95.16,0.5631,50.0,0.95,1,1407.2,59.69
2026-04-23 13:21:28,240.17,0.418,95.26,0.5641,50.0,0.95,1,1437.4,59.69
2026-04-23 13:21:58,239.97,0.417,95.07,0.5651,50.0,0.95,1,1467.4,59.7
2026-04-23 13:22:28,239.58,0.417,94.67,0.5661,50.0,0.95,1,1497.5,59.7
2026-04-23 13:22:58,239.38,0.416,94.58,0.5661,49.9,0.95,1,1527.6,59.71
2026-04-23 13:23:28,239.68,0.417,94.67,0.5671,50.0,0.95,1,1557.8,59.72
2026-04-23 13:23:58,239.68,0.417,94.77,0.568,50.0,0.95,1,1587.9,59.72
2026-04-23 13:24:28,239.68,0.417,94.87,0.569,50.0,0.95,1,1618.0,59.73
2026-04-23 13:24:58,239.68,0.417,94.87,0.57,50.0,0.95,1,1648.1,59.73
2026-04-23 13:25:29,240.07,0.418,95.16,0.57,50.0,0.95,1,1678.1,59.74
2026-04-23 13:25:59,240.26,0.418,95.36,0.571,50.0,0.95,1,1708.3,59.74
2026-04-23 13:26:29,240.07,0.418,95.26,0.572,50.0,0.95,1,1738.4,59.75
2026-04-23 13:26:59,240.26,0.418,95.36,0.5729,50.0,0.95,1,1768.4,59.75
2026-04-23 13:27:29,240.66,0.419,95.65,0.5739,49.9,0.95,1,1798.7,59.75
2026-04-23 13:27:59,240.66,0.419,95.75,0.5749,50.0,0.95,1,1828.8,59.76
2026-04-23 13:28:29,240.95,0.419,95.85,0.5749,49.9,0.95,1,1858.8,59.76
2026-04-23 13:28:59,240.85,0.419,95.85,0.5759,50.0,0.95,1,1889.0,59.77
2026-04-23 13:29:30,240.95,0.419,95.95,0.5769,50.0,0.95,1,1919.1,59.77
2026-04-23 13:30:00,240.85,0.419,95.85,0.5779,50.0,0.95,1,1949.2,59.77
2026-04-23 13:30:30,240.75,0.419,95.65,0.5788,49.9,0.95,1,1979.2,59.78
2026-04-23 13:31:00,240.46,0.418,95.46,0.5788,49.9,0.95,1,2009.3,59.78
2026-04-23 13:31:30,240.56,0.419,95.56,0.5798,50.0,0.95,1,2039.3,59.78
2026-04-23 13:32:00,240.66,0.419,95.65,0.5808,50.0,0.95,1,2069.5,59.79
2026-04-23 13:32:30,240.85,0.419,95.85,0.5818,50.0,0.95,1,2099.5,59.79
2026-04-23 13:33:00,241.25,0.42,96.14,0.5828,50.0,0.95,1,2129.6,59.79
2026-04-23 13:33:30,241.34,0.42,96.24,0.5837,50.0,0.95,1,2159.8,59.79
2026-04-23 13:34:04,241.25,0.42,96.14,0.5837,50.0,0.95,1,2189.9,59.8
2026-04-23 13:34:31,241.25,0.42,96.14,0.5847,50.0,0.95,1,2220.1,59.8
2026-04-23 13:36:01,241.15,0.42,96.05,0.5877,50.0,0.95,1,2310.4,59.81
2026-04-23 13:36:31,240.75,0.419,95.75,0.5886,50.0,0.95,1,2340.5,59.81
2026-04-23 13:37:01,240.85,0.419,95.85,0.5886,50.0,0.95,1,2370.8,59.81
2026-04-23 13:37:32,240.95,0.42,95.95,0.5896,50.0,0.95,1,2400.9,59.82
2026-04-23 13:38:02,241.15,0.42,96.05,0.5906,50.0,0.95,1,2431.2,59.82
2026-04-23 13:38:32,241.25,0.42,96.14,0.5916,50.0,0.95,1,2461.2,59.82
2026-04-23 13:39:02,241.34,0.42,96.24,0.5926,50.0,0.95,1,2491.4,59.82
2026-04-23 13:39:32,241.44,0.42,96.34,0.5926,50.0,0.95,1,2521.4,59.82
2026-04-23 13:40:03,241.44,0.42,96.34,0.5935,50.0,0.95,1,2551.6,59.83
2026-04-23 13:40:32,241.34,0.42,96.14,0.5945,50.0,0.95,1,2581.6,59.83
2026-04-23 13:41:20,241.34,0.42,96.34,0.5955,50.0,0.95,1,2611.9,59.83
2026-04-23 13:41:33,241.34,0.42,96.24,0.5965,50.0,0.95,1,2642.0,59.83
2026-04-23 13:42:03,241.34,0.42,96.24,0.5975,50.0,0.95,1,2672.2,59.83
2026-04-23 13:42:34,241.34,0.42,96.14,0.5975,50.0,0.95,1,2702.5,59.84
2026-04-23 13:43:06,241.34,0.42,96.24,0.5985,50.0,0.95,1,2732.7,59.84
2026-04-23 13:43:34,241.34,0.42,96.24,0.5994,50.0,0.95,1,2762.8,59.84
2026-04-23 13:44:04,241.34,0.42,96.24,0.6004,50.0,0.95,1,2793.1,59.84
2026-04-23 13:44:37,242.52,0.422,97.22,0.6014,50.0,0.95,1,2823.1,59.84
2026-04-23 13:45:07,242.52,0.422,97.22,0.6014,50.0,0.95,1,2853.2,59.84
2026-04-23 13:45:40,242.32,0.422,97.03,0.6024,50.0,0.95,1,2883.4,59.85
2026-04-23 13:46:04,242.91,0.423,97.62,0.6034,50.0,0.95,1,2913.5,59.85
2026-04-23 13:46:35,242.91,0.423,97.62,0.6043,50.0,0.95,1,2943.8,59.85
2026-04-23 13:47:05,243.21,0.423,97.81,0.6053,50.0,0.95,1,2973.8,59.85
2026-04-23 13:47:35,243.21,0.424,97.81,0.6063,50.0,0.95,1,3003.9,59.85
2026-04-23 13:48:05,243.4,0.424,98.01,0.6063,50.0,0.95,1,3034.0,59.85
2026-04-23 13:48:35,243.5,0.424,98.11,0.6073,50.0,0.95,1,3064.2,59.86
2026-04-23 13:49:05,243.5,0.424,98.11,0.6083,50.0,0.95,1,3094.5,59.86
2026-04-23 13:49:35,243.5,0.424,98.11,0.6092,50.0,0.95,1,3124.6,59.86
2026-04-23 13:50:06,243.4,0.424,97.91,0.6102,50.0,0.95,1,3154.7,59.86
2026-04-23 13:50:36,243.21,0.423,97.71,0.6112,50.0,0.95,1,3184.7,59.86
2026-04-23 13:51:06,243.31,0.424,97.91,0.6122,50.0,0.95,1,3215.0,59.86
2026-04-23 13:51:36,243.21,0.423,97.62,0.6122,50.0,0.95,1,3245.2,59.86
2026-04-23 13:52:06,242.81,0.422,97.32,0.6132,50.0,0.95,1,3275.5,59.86
2026-04-23 13:52:37,242.52,0.422,97.13,0.6141,50.0,0.95,1,3305.7,59.87
2026-04-23 13:53:07,242.81,0.422,97.42,0.6151,49.9,0.95,1,3335.7,59.87
2026-04-23 13:53:37,243.01,0.423,97.52,0.6161,50.0,0.95,1,3366.0,59.87
2026-04-23 13:54:06,243.11,0.423,97.71,0.6171,50.0,0.95,1,3396.0,59.87
2026-04-23 13:54:36,243.21,0.423,97.71,0.6171,50.0,0.95,1,3426.1,59.87
2026-04-23 13:55:07,243.11,0.423,97.62,0.6181,49.9,0.95,1,3456.1,59.87
2026-04-23 13:55:37,243.31,0.423,97.81,0.6191,50.0,0.95,1,3486.3,59.87
2026-04-23 13:56:10,242.91,0.422,97.42,0.62,50.0,0.95,1,3516.5,59.87
2026-04-23 13:56:38,243.01,0.423,97.52,0.621,50.0,0.95,1,3546.6,59.87
2026-04-23 13:57:07,243.21,0.423,97.71,0.622,50.0,0.95,1,3576.8,59.88
2026-04-23 13:57:38,243.11,0.423,97.52,0.622,50.0,0.95,1,3607.0,59.88
2026-04-23 13:58:17,242.91,0.422,97.42,0.623,50.0,0.95,1,3637.3,59.88
2026-04-23 13:59:39,242.23,0.421,96.93,0.6259,50.0,0.95,1,3727.4,59.88
2026-04-23 14:00:09,242.32,0.422,97.03,0.6269,50.0,0.95,1,3757.7,59.88
2026-04-23 14:00:38,242.23,0.421,96.93,0.6269,50.0,0.95,1,3787.9,59.88
2026-04-23 14:01:08,243.8,0.424,98.21,0.6279,50.0,0.95,1,3818.0,59.88
2026-04-23 14:01:39,243.6,0.423,98.01,0.6289,50.0,0.95,1,3848.1,59.88
2026-04-23 14:02:09,243.99,0.424,98.4,0.6298,50.0,0.95,1,3878.2,59.89
2026-04-23 14:02:39,243.4,0.424,98.01,0.6308,50.0,0.95,1,3908.5,59.89
2026-04-23 14:03:09,243.21,0.423,97.62,0.6318,50.0,0.95,1,3938.6,59.89
2026-04-23 14:03:40,243.01,0.423,97.52,0.6318,50.0,0.95,1,3968.8,59.89
2026-04-23 14:04:10,242.91,0.423,97.42,0.6328,50.0,0.95,1,3998.8,59.89
2026-04-23 14:04:40,243.01,0.423,97.52,0.6338,50.0,0.95,1,4029.1,59.89
2026-04-23 14:05:11,243.01,0.423,97.52,0.6348,49.9,0.95,1,4059.3,59.89
2026-04-23 14:05:40,242.52,0.422,97.13,0.6357,49.9,0.95,1,4089.4,59.89
2026-04-23 14:06:14,242.42,0.421,97.03,0.6367,49.9,0.95,1,4119.7,59.89
2026-04-23 14:06:41,242.52,0.422,97.13,0.6377,49.9,0.95,1,4150.0,59.89
2026-04-23 14:07:11,242.42,0.421,96.93,0.6377,49.9,0.95,1,4180.3,59.89
2026-04-23 14:07:44,242.23,0.421,96.93,0.6387,50.0,0.95,1,4210.3,59.89
2026-04-23 14:08:14,242.13,0.421,96.83,0.6397,49.9,0.95,1,4240.3,59.9
2026-04-23 14:08:41,242.13,0.421,96.93,0.6406,50.0,0.95,1,4270.4,59.9
2026-04-23 14:09:11,241.34,0.42,96.05,0.6416,50.0,0.95,1,4300.5,59.9
2026-04-23 14:09:42,240.66,0.418,95.46,0.6416,50.0,0.95,1,4330.8,59.9
2026-04-23 14:10:15,240.56,0.418,95.46,0.6426,49.9,0.95,1,4361.0,59.9
2026-04-23 14:10:42,240.75,0.419,95.65,0.6436,49.9,0.95,1,4391.1,59.9
2026-04-23 14:11:12,240.75,0.418,95.56,0.6446,50.0,0.95,1,4421.4,59.9
2026-04-23 14:11:42,240.66,0.418,95.56,0.6455,49.9,0.95,1,4451.6,59.9
2026-04-23 14:12:20,240.46,0.418,95.36,0.6465,49.9,0.95,1,4481.8,59.9
2026-04-23 14:12:46,240.17,0.418,95.16,0.6465,49.9,0.95,1,4512.1,59.9
2026-04-23 14:13:13,240.17,0.418,95.16,0.6475,49.9,0.95,1,4542.4,59.9
2026-04-23 14:13:43,240.07,0.417,95.07,0.6485,49.9,0.95,1,4572.5,59.9
2026-04-23 14:14:14,239.87,0.417,94.87,0.6495,50.0,0.95,1,4602.6,59.9
2026-04-23 14:14:44,240.26,0.418,95.26,0.6504,49.9,0.95,1,4632.7,59.9
2026-04-23 14:15:14,241.25,0.42,96.14,0.6504,49.9,0.95,1,4662.9,59.9
2026-04-23 14:15:43,241.15,0.42,96.14,0.6514,50.0,0.95,1,4692.9,59.91
2026-04-23 14:16:14,241.25,0.42,96.05,0.6524,49.9,0.95,1,4723.1,59.91
2026-04-23 14:17:05,241.25,0.42,96.14,0.6534,50.0,0.95,1,4753.4,59.91
2026-04-23 14:17:14,241.34,0.42,96.14,0.6544,50.0,0.95,1,4783.5,59.91
2026-04-23 14:17:45,241.15,0.42,96.05,0.6554,50.0,0.95,1,4813.6,59.91
2026-04-23 14:18:15,241.34,0.42,96.14,0.6554,50.0,0.95,1,4843.8,59.91
2026-04-23 14:18:45,241.64,0.42,96.34,0.6563,50.0,0.95,1,4874.1,59.91
2026-04-23 14:19:15,241.34,0.42,96.24,0.6573,50.0,0.95,1,4904.3,59.91
2026-04-23 14:19:45,241.34,0.42,96.24,0.6583,50.0,0.95,1,4934.3,59.91
2026-04-23 14:20:15,241.25,0.42,96.05,0.6593,49.9,0.95,1,4964.5,59.91
2026-04-23 14:20:45,241.25,0.42,96.05,0.6593,49.9,0.95,1,4994.5,59.91
2026-04-23 14:21:15,241.44,0.42,96.24,0.6603,50.0,0.95,1,5024.8,59.91
2026-04-23 14:21:46,241.34,0.42,96.14,0.6612,50.0,0.95,1,5054.9,59.91
2026-04-23 14:22:16,241.34,0.42,96.24,0.6622,50.0,0.95,1,5085.0,59.91
2026-04-23 14:22:46,241.34,0.42,96.24,0.6632,50.0,0.95,1,5115.2,59.91
2026-04-23 14:23:16,241.15,0.42,96.05,0.6642,50.0,0.95,1,5145.3,59.91
2026-04-23 14:23:46,241.34,0.42,96.24,0.6642,50.0,0.95,1,5175.5,59.91
2026-04-23 14:24:16,241.54,0.42,96.34,0.6652,50.0,0.95,1,5205.6,59.91
2026-04-23 14:24:46,241.64,0.42,96.34,0.6661,50.0,0.95,1,5235.8,59.92
2026-04-23 14:25:17,241.64,0.42,96.34,0.6671,50.0,0.95,1,5266.0,59.92
2026-04-23 14:25:47,241.74,0.421,96.54,0.6681,50.0,0.95,1,5296.2,59.92
2026-04-23 14:26:17,241.93,0.421,96.73,0.6681,50.0,0.95,1,5326.3,59.92
2026-04-23 14:26:47,241.74,0.421,96.54,0.6691,50.0,0.95,1,5356.5,59.92
2026-04-23 14:27:18,241.64,0.421,96.44,0.6701,50.0,0.95,1,5386.8,59.92
2026-04-23 14:27:48,241.74,0.421,96.64,0.6711,50.0,0.95,1,5417.0,59.92
2026-04-23 14:28:18,241.54,0.42,96.34,0.672,50.0,0.95,1,5447.3,59.92
2026-04-23 14:28:48,241.44,0.42,96.24,0.673,50.0,0.95,1,5477.4,59.92
2026-04-23 14:29:18,241.44,0.42,96.34,0.673,50.0,0.95,1,5507.5,59.92
2026-04-23 14:29:48,241.64,0.42,96.44,0.674,50.0,0.95,1,5537.5,59.92
2026-04-23 14:30:18,241.44,0.42,96.34,0.675,49.9,0.95,1,5567.7,59.92
2026-04-23 14:30:49,241.44,0.42,96.24,0.676,50.0,0.95,1,5597.8,59.92
2026-04-23 14:31:18,241.54,0.42,96.34,0.6769,50.0,0.95,1,5627.9,59.92
2026-04-23 14:31:49,241.83,0.421,96.64,0.6779,50.0,0.95,1,5658.1,59.92
2026-04-23 14:32:19,241.15,0.42,96.05,0.6779,50.0,0.95,1,5688.3,59.92
2026-04-23 15:28:48,239.97,0.0,0.0,0.7603,50.0,0.0,0,0.0,0.0
2026-04-23 15:29:18,240.26,0.0,0.0,0.7603,50.0,0.0,0,0.0,0.0
2026-04-23 15:29:48,240.46,0.0,0.0,0.7603,50.0,0.0,0,0.0,0.0
2026-04-23 15:30:18,240.75,0.0,0.0,0.7603,50.0,0.0,0,0.0,0.0
2026-04-23 15:30:49,240.85,0.0,0.0,0.7603,50.0,0.0,0,0.0,0.0
2026-04-23 15:31:18,240.66,0.0,0.0,0.7603,50.0,0.0,0,0.0,0.0
2026-04-23 15:31:49,240.75,0.0,0.0,0.7603,50.0,0.0,0,0.0,0.0
2026-04-23 15:32:19,240.66,0.0,0.0,0.7603,50.0,0.0,0,0.0,0.0
2026-04-23 15:32:49,240.56,0.0,0.0,0.7603,50.0,0.0,0,0.0,0.0
2026-04-23 15:33:19,240.56,0.0,0.0,0.7603,50.0,0.0,0,0.0,0.0
2026-04-23 15:33:49,240.46,0.0,0.0,0.7603,50.0,0.0,0,0.0,0.0
2026-04-23 15:34:19,240.56,0.0,0.0,0.7603,50.0,0.0,0,0.0,0.0
2026-04-23 15:34:49,240.56,0.0,0.0,0.7603,49.9,0.0,0,0.0,0.0
2026-04-23 15:35:19,240.46,0.0,0.0,0.7603,50.0,0.0,0,0.0,0.0
2026-04-23 15:35:50,240.46,0.0,0.0,0.7603,50.0,0.0,0,0.0,0.0
2026-04-23 15:36:20,240.36,0.0,0.0,0.7603,50.0,0.0,0,0.0,0.0
2026-04-23 15:36:50,240.66,0.0,0.0,0.7603,50.0,0.0,0,0.0,0.0
2026-04-23 15:37:20,240.46,0.0,0.0,0.7603,50.0,0.0,0,0.0,0.0
2026-04-23 15:37:50,236.83,0.0,0.0,0.7603,50.0,0.0,0,0.0,0.0
2026-04-23 15:38:20,236.93,0.0,0.0,0.7603,50.0,0.0,0,0.0,0.0
2026-04-23 15:38:50,236.93,0.0,0.0,0.7603,50.0,0.0,0,0.0,0.0
2026-04-23 15:39:20,237.03,0.0,0.0,0.7603,50.0,0.0,0,0.0,0.0
2026-04-23 15:39:50,237.12,0.0,0.0,0.7603,50.0,0.0,0,0.0,0.0
2026-04-23 15:40:21,237.22,0.0,0.0,0.7603,50.0,0.0,0,0.0,0.0
2026-04-23 15:40:50,236.93,0.0,0.0,0.7603,50.0,0.0,0,0.0,0.0
2026-04-23 15:41:21,236.93,0.0,0.0,0.7603,49.9,0.0,0,0.0,0.0
2026-04-23 15:41:51,237.12,0.0,0.0,0.7603,50.0,0.0,0,0.0,0.0
2026-04-23 15:42:21,237.03,0.0,0.0,0.7603,49.9,0.0,0,0.0,0.0
2026-04-23 15:42:51,237.03,0.0,0.0,0.7603,49.9,0.0,0,0.0,0.0
2026-04-23 15:43:21,236.93,0.0,0.0,0.7603,50.0,0.0,0,0.0,0.0
2026-04-23 15:43:51,236.93,0.0,0.0,0.7603,49.9,0.0,0,0.0,0.0
2026-04-23 15:44:21,237.12,0.0,0.0,0.7603,49.9,0.0,0,0.0,0.0
2026-04-23 15:44:52,237.42,0.0,0.0,0.7603,50.0,0.0,0,0.0,0.0
2026-04-23 15:45:22,237.42,0.0,0.0,0.7603,50.0,0.0,0,0.0,0.0
2026-04-23 15:45:52,237.42,0.0,0.0,0.7603,50.0,0.0,0,0.0,0.0
2026-04-23 15:46:22,237.42,0.0,0.0,0.7603,50.0,0.0,0,0.0,0.0
2026-04-23 15:46:52,239.97,0.0,0.0,0.7603,50.0,0.0,0,0.0,0.0
2026-04-23 15:47:22,241.34,0.0,0.0,0.7603,50.0,0.0,0,0.0,0.0
2026-04-23 15:47:52,241.44,0.0,0.0,0.7603,50.0,0.0,0,0.0,0.0
2026-04-23 15:48:22,241.25,0.0,0.0,0.7603,50.0,0.0,0,0.0,0.0
2026-04-23 15:48:53,239.77,0.0,0.0,0.7603,50.0,0.0,0,0.0,0.0
2026-04-23 15:49:22,239.77,0.0,0.0,0.7603,50.0,0.0,0,0.0,0.0
2026-04-23 15:49:53,239.97,0.0,0.0,0.7603,50.1,0.0,0,0.0,0.0
2026-04-23 15:50:23,240.56,0.0,0.0,0.7603,50.1,0.0,0,0.0,0.0
2026-04-23 15:50:53,241.15,0.0,0.0,0.7603,50.0,0.0,0,0.0,0.0
2026-04-23 15:51:23,240.95,0.0,0.0,0.7603,50.0,0.0,0,0.0,0.0
2026-04-23 15:51:53,240.95,0.0,0.0,0.7603,50.0,0.0,0,0.0,0.0
2026-04-23 15:52:23,239.97,0.0,0.0,0.7603,50.0,0.0,0,0.0,0.0
2026-04-23 15:52:53,240.66,0.0,0.0,0.7603,50.0,0.0,0,0.0,0.0
2026-04-23 15:53:23,240.85,0.0,0.0,0.7603,50.0,0.0,0,0.0,0.0
2026-04-23 15:53:54,240.95,0.0,0.0,0.7603,50.0,0.0,0,0.0,0.0
2026-04-23 15:54:24,240.46,0.0,0.0,0.7603,50.0,0.0,0,0.0,0.0
2026-04-23 15:54:54,240.66,0.0,0.0,0.7603,50.0,0.0,0,0.0,0.0
2026-04-23 15:55:24,240.56,0.0,0.0,0.7603,50.0,0.0,0,0.0,0.0
2026-04-23 15:55:54,240.46,0.0,0.0,0.7603,50.0,0.0,0,0.0,0.0
2026-04-23 15:56:25,240.46,0.0,0.0,0.7603,50.0,0.0,0,0.0,0.0
2026-04-23 15:56:55,240.26,0.0,0.0,0.7603,50.0,0.0,0,0.0,0.0
2026-04-23 15:57:25,240.17,0.0,0.0,0.7603,50.0,0.0,0,0.0,0.0
2026-04-23 15:57:55,239.87,0.0,0.0,0.7603,50.0,0.0,0,0.0,0.0
2026-04-23 15:58:25,240.07,0.0,0.0,0.7603,50.0,0.0,0,0.0,0.0
2026-04-23 15:58:55,240.07,0.0,0.0,0.7603,50.0,0.0,0,0.0,0.0
2026-04-23 15:59:25,239.87,0.0,0.0,0.7603,50.0,0.0,0,0.0,0.0
2026-04-23 15:59:55,239.87,0.0,0.0,0.7603,50.0,0.0,0,0.0,0.0
2026-04-23 16:00:25,239.97,0.0,0.0,0.7603,50.0,0.0,0,0.0,0.0
2026-04-23 16:00:55,239.68,0.0,0.0,0.7603,50.0,0.0,0,0.0,0.0
2026-04-23 16:01:25,239.48,0.0,0.0,0.7603,50.0,0.0,0,0.0,0.0
2026-04-23 16:01:56,239.77,0.0,0.0,0.7603,50.0,0.0,0,0.0,0.0
2026-04-23 16:02:25,239.97,0.0,0.0,0.7603,50.1,0.0,0,0.0,0.0
2026-04-23 16:02:56,240.26,0.0,0.0,0.7603,50.0,0.0,0,0.0,0.0
2026-04-23 16:03:26,240.36,0.0,0.0,0.7603,50.1,0.0,0,0.0,0.0
2026-04-23 16:03:56,240.26,0.0,0.0,0.7603,50.1,0.0,0,0.0,0.0
2026-04-23 16:04:26,240.56,0.0,0.0,0.7603,50.1,0.0,0,0.0,0.0
2026-04-23 16:04:56,240.66,0.0,0.0,0.7603,50.1,0.0,0,0.0,0.0
2026-04-23 16:05:26,240.56,0.0,0.0,0.7603,50.1,0.0,0,0.0,0.0
2026-04-23 16:05:56,240.56,0.0,0.0,0.7603,50.1,0.0,0,0.0,0.0
2026-04-23 16:06:27,240.46,0.0,0.0,0.7603,50.1,0.0,0,0.0,0.0
2026-04-23 16:06:57,240.56,0.0,0.0,0.7603,50.0,0.0,0,0.0,0.0
2026-04-23 16:07:27,240.36,0.0,0.0,0.7603,50.0,0.0,0,0.0,0.0
2026-04-23 16:07:57,240.36,0.0,0.0,0.7603,50.0,0.0,0,0.0,0.0
2026-04-23 16:08:27,240.36,0.0,0.0,0.7603,50.0,0.0,0,0.0,0.0
2026-04-23 16:08:57,240.26,0.0,0.0,0.7603,50.0,0.0,0,0.0,0.0
2026-04-23 16:09:27,240.26,0.0,0.0,0.7603,50.0,0.0,0,0.0,0.0
2026-04-23 16:09:58,240.46,0.0,0.0,0.7603,50.0,0.0,0,0.0,0.0
2026-04-23 16:10:27,240.46,0.0,0.0,0.7603,50.0,0.0,0,0.0,0.0
2026-04-23 16:10:57,240.26,0.0,0.0,0.7603,50.0,0.0,0,0.0,0.0
2026-04-23 16:11:28,240.07,0.0,0.0,0.7603,50.0,0.0,0,0.0,0.0
2026-04-23 16:11:58,240.17,0.0,0.0,0.7603,50.0,0.0,0,0.0,0.0
2026-04-23 16:12:28,239.97,0.0,0.0,0.7603,49.9,0.0,0,0.0,0.0
2026-04-23 16:12:58,239.87,0.0,0.0,0.7603,49.9,0.0,0,0.0,0.0
2026-04-23 16:13:28,238.4,0.0,0.0,0.7603,49.9,0.0,0,0.0,0.0
2026-04-23 16:13:58,238.01,0.0,0.0,0.7603,49.9,0.0,0,0.0,0.0
2026-04-23 16:14:29,238.01,0.0,0.0,0.7603,50.0,0.0,0,0.0,0.0
2026-04-23 16:14:59,238.01,0.0,0.0,0.7603,49.9,0.0,0,0.0,0.0
2026-04-23 16:15:29,238.11,0.0,0.0,0.7603,49.9,0.0,0,0.0,0.0
2026-04-23 16:15:59,238.01,0.0,0.0,0.7603,49.9,0.0,0,0.0,0.0
2026-04-23 16:16:29,238.2,0.0,0.0,0.7603,50.0,0.0,0,0.0,0.0
2026-04-23 16:17:00,233.99,0.0,0.0,0.7603,49.9,0.0,0,0.0,0.0
2026-04-23 16:17:29,234.08,0.0,0.0,0.7603,50.0,0.0,0,0.0,0.0
2026-04-23 16:18:00,234.38,0.0,0.0,0.7603,50.0,0.0,0,0.0,0.0
2026-04-23 16:18:30,234.38,0.0,0.0,0.7603,50.0,0.0,0,0.0,0.0
2026-04-23 16:19:00,234.48,0.0,0.0,0.7603,50.0,0.0,0,0.0,0.0
2026-04-23 16:19:31,234.77,0.0,0.0,0.7603,50.0,0.0,0,0.0,0.0
2026-04-23 16:20:01,234.38,0.0,0.0,0.7603,50.0,0.0,0,0.0,0.0
2026-04-23 16:20:31,234.38,0.0,0.0,0.7603,50.0,0.0,0,0.0,0.0
2026-04-23 16:21:00,234.18,0.0,0.0,0.7603,50.0,0.0,0,0.0,0.0
2026-04-23 16:21:31,234.18,0.0,0.0,0.7603,50.0,0.0,0,0.0,0.0
2026-04-23 16:22:00,234.18,0.0,0.0,0.7603,50.0,0.0,0,0.0,0.0
2026-04-23 16:22:31,234.18,0.0,0.0,0.7603,50.0,0.0,0,0.0,0.0
2026-04-23 16:23:01,233.69,0.0,0.0,0.7603,50.0,0.0,0,0.0,0.0
2026-04-23 16:23:31,233.49,0.0,0.0,0.7603,50.0,0.0,0,0.0,0.0
2026-04-23 16:24:02,233.49,0.0,0.0,0.7603,49.9,0.0,0,0.0,0.0
2026-04-23 16:24:31,233.4,0.0,0.0,0.7603,49.9,0.0,0,0.0,0.0
2026-04-23 16:25:02,233.4,0.0,0.0,0.7603,49.9,0.0,0,0.0,0.0
2026-04-23 16:25:31,233.0,0.0,0.0,0.7603,49.9,0.0,0,0.0,0.0
2026-04-23 16:26:01,233.0,0.0,0.0,0.7603,49.9,0.0,0,0.0,0.0
2026-04-23 16:26:32,233.1,0.0,0.0,0.7603,49.9,0.0,0,0.0,0.0
2026-04-23 16:27:02,233.0,0.0,0.0,0.7603,49.9,0.0,0,0.0,0.0
2026-04-23 16:27:32,232.81,0.0,0.0,0.7603,49.9,0.0,0,0.0,0.0
2026-04-23 16:28:02,234.67,0.0,0.0,0.7603,49.9,0.0,0,0.0,0.0
2026-04-23 20:07:23,238.4,0.397,83.88,0.7682,50.0,0.89,1,318.8,57.05
2026-04-23 20:07:51,238.3,0.395,83.69,0.7692,50.0,0.89,1,348.9,57.29
2026-04-23 20:08:22,238.3,0.394,83.49,0.7701,50.0,0.89,1,379.0,57.5
2026-04-23 20:08:52,238.11,0.393,83.19,0.7701,50.0,0.89,1,409.0,57.67
2026-04-23 20:09:22,238.11,0.392,83.1,0.7711,50.0,0.89,1,439.3,57.83
2026-04-23 20:09:52,238.11,0.391,82.9,0.7721,50.0,0.89,1,469.3,57.96
2026-04-24 18:07:26,213.09,0.486,103.5,0.778,50.0,1.0,1,60.0,9.86
2026-04-24 18:07:56,212.7,0.477,101.44,0.779,50.0,1.0,1,90.1,13.67
2026-04-24 18:08:27,212.5,0.471,99.87,0.78,49.9,1.0,1,120.3,16.96
2026-04-24 18:08:56,212.6,0.467,98.99,0.78,49.9,1.0,1,150.6,19.81
2026-04-24 18:09:26,212.5,0.463,98.11,0.7809,49.9,1.0,1,180.7,22.3
2026-04-24 18:09:57,212.3,0.46,97.32,0.7819,49.9,1.0,1,210.7,24.5
2026-04-24 18:10:27,212.5,0.458,96.93,0.7829,49.9,1.0,1,240.8,26.45
2026-04-24 18:10:57,212.01,0.454,96.05,0.7839,49.9,1.0,1,270.9,28.2
2026-04-24 18:11:27,211.71,0.452,95.46,0.7849,49.9,1.0,1,301.0,29.78
2026-04-24 18:11:57,212.01,0.452,95.46,0.7849,49.9,1.0,1,331.0,31.21
2026-04-24 18:12:27,212.5,0.451,95.56,0.7858,49.9,1.0,1,361.2,32.51
2026-04-24 18:12:57,212.89,0.451,95.56,0.7868,49.9,1.0,1,391.4,33.7
2026-04-24 18:13:27,212.99,0.45,95.46,0.7878,49.9,1.0,1,421.5,34.79
2026-04-24 18:13:58,213.48,0.45,95.65,0.7888,49.9,1.0,1,451.6,35.79
2026-04-24 18:14:27,213.68,0.449,95.56,0.7898,49.9,1.0,1,481.6,36.72
2026-04-24 18:14:57,213.68,0.449,95.46,0.7898,49.9,0.99,1,511.7,37.57
2026-04-24 18:15:28,213.87,0.448,95.36,0.7907,49.9,1.0,1,541.8,38.37
2026-04-24 18:15:58,213.58,0.447,94.97,0.7917,49.9,0.99,1,571.8,39.11
2026-04-24 18:16:28,211.91,0.443,93.4,0.7927,49.9,0.99,1,602.1,39.81
2026-04-24 18:16:59,212.21,0.443,93.59,0.7937,49.9,1.0,1,632.3,40.46
2026-04-24 18:17:29,212.11,0.442,93.4,0.7937,50.0,1.0,1,662.6,41.07
2026-04-24 18:17:59,212.21,0.442,93.4,0.7947,50.0,1.0,1,692.7,41.64
2026-04-24 18:18:29,212.01,0.441,93.1,0.7956,50.0,1.0,1,722.9,42.18
2026-04-24 18:18:59,211.71,0.44,92.71,0.7966,50.0,1.0,1,753.1,42.69
2026-04-24 18:19:29,211.52,0.439,92.42,0.7976,50.0,1.0,1,783.2,43.17
2026-04-24 18:19:59,211.52,0.439,92.42,0.7976,50.0,1.0,1,813.4,43.62
2026-04-24 18:20:29,212.01,0.44,92.71,0.7986,49.9,0.99,1,843.7,44.05
2026-04-24 18:21:00,211.71,0.439,92.42,0.7996,49.9,0.99,1,873.8,44.46
2026-04-24 18:27:00,211.32,0.435,91.44,0.8084,49.7,0.99,1,1234.1,48.1
2026-04-24 18:27:30,211.03,0.435,91.24,0.8094,49.8,0.99,1,1264.2,48.33
2026-04-24 18:28:01,209.95,0.432,90.26,0.8104,49.7,1.0,1,1294.4,48.55
2026-04-24 18:28:31,211.13,0.434,91.24,0.8113,49.7,1.0,1,1324.6,48.76
2026-04-24 18:29:01,211.03,0.434,91.04,0.8113,49.7,0.99,1,1354.6,48.96
2026-04-24 18:29:31,211.91,0.436,91.83,0.8123,49.8,0.99,1,1384.8,49.16
2026-04-24 18:30:01,211.71,0.435,91.63,0.8133,49.8,0.99,1,1415.0,49.35
2026-04-24 18:30:31,211.52,0.435,91.53,0.8143,49.8,0.99,1,1445.1,49.53
2026-04-24 18:31:01,211.42,0.435,91.34,0.8153,49.8,0.99,1,1475.3,49.71
2026-04-24 18:31:31,212.01,0.436,91.93,0.8153,49.9,0.99,1,1505.5,49.88
2026-04-24 18:32:02,212.7,0.437,92.51,0.8163,49.9,1.0,1,1535.6,50.05
2026-04-24 18:32:32,212.7,0.437,92.42,0.8172,49.9,0.99,1,1565.9,50.21
2026-04-24 18:33:02,212.7,0.437,92.42,0.8182,50.0,0.99,1,1596.1,50.36
2026-04-24 18:33:32,211.91,0.435,91.73,0.8192,50.0,1.0,1,1626.2,50.51
2026-04-24 18:34:02,212.6,0.437,92.32,0.8192,50.0,0.99,1,1656.3,50.66
2026-04-24 18:34:32,212.6,0.437,92.32,0.8202,49.9,0.99,1,1686.4,50.8
2026-04-24 18:35:03,211.81,0.435,91.63,0.8212,49.9,0.99,1,1716.5,50.94
2026-04-24 18:35:33,211.91,0.435,91.63,0.8221,49.9,0.99,1,1746.8,51.07
2026-04-24 18:36:03,211.62,0.434,91.34,0.8221,49.9,0.99,1,1777.0,51.2
2026-04-24 18:36:33,211.81,0.435,91.63,0.8231,49.9,0.99,1,1807.1,51.33
2026-04-24 18:37:03,211.62,0.434,91.44,0.8241,49.9,1.0,1,1837.2,51.45
2026-04-24 18:37:33,210.73,0.433,90.65,0.8251,49.8,0.99,1,1867.3,51.57
2026-04-24 18:38:03,210.93,0.433,90.75,0.8261,49.8,0.99,1,1897.3,51.68
2026-04-24 18:38:33,210.64,0.432,90.55,0.8261,49.9,1.0,1,1927.4,51.79
2026-04-24 18:39:04,211.32,0.433,91.04,0.827,49.8,0.99,1,1957.4,51.9
2026-04-24 18:39:34,211.42,0.434,91.14,0.828,49.9,0.99,1,1987.6,52.01
2026-04-24 18:40:04,211.71,0.434,91.44,0.829,49.8,1.0,1,2017.8,52.11
2026-04-24 18:40:34,212.21,0.435,91.83,0.83,49.8,0.99,1,2047.9,52.21
2026-04-24 18:41:04,212.3,0.435,91.93,0.83,49.9,1.0,1,2077.9,52.31
2026-04-24 18:41:34,212.3,0.435,91.93,0.831,49.8,1.0,1,2108.0,52.41
2026-04-24 18:42:04,212.11,0.435,91.83,0.8319,49.8,1.0,1,2138.1,52.5
2026-04-24 18:42:35,212.21,0.435,91.83,0.8329,49.8,0.99,1,2168.2,52.59
2026-04-24 18:43:05,212.21,0.435,91.83,0.8339,49.8,0.99,1,2198.4,52.68
2026-04-24 18:43:35,211.32,0.433,91.14,0.8339,49.8,1.0,1,2228.5,52.77
2026-04-24 18:44:05,212.01,0.435,91.63,0.8349,49.8,0.99,1,2258.7,52.85
2026-04-24 18:44:35,212.5,0.436,92.02,0.8359,49.8,0.99,1,2288.8,52.94
2026-04-24 18:45:05,212.21,0.435,91.73,0.8369,49.8,0.99,1,2318.9,53.02
2026-04-24 18:45:35,211.03,0.432,90.65,0.8369,49.8,0.99,1,2348.9,53.1
2026-04-24 18:46:05,211.62,0.434,91.24,0.8378,49.8,0.99,1,2379.0,53.17
2026-04-24 18:46:36,211.62,0.434,91.24,0.8388,49.8,0.99,1,2409.1,53.25
2026-04-24 18:47:06,211.03,0.433,90.75,0.8398,49.8,0.99,1,2439.3,53.32
2026-04-24 18:47:36,210.64,0.432,90.36,0.8398,49.9,0.99,1,2469.6,53.4
2026-04-24 18:48:06,210.73,0.432,90.55,0.8408,49.9,0.99,1,2499.7,53.47
2026-04-24 18:48:36,211.13,0.433,90.85,0.8418,49.9,0.99,1,2529.7,53.54
2026-04-24 18:49:06,211.81,0.434,91.44,0.8427,49.9,0.99,1,2559.7,53.6
2026-04-24 18:49:36,211.81,0.434,91.44,0.8437,49.9,0.99,1,2589.9,53.67
2026-04-24 18:50:06,211.62,0.434,91.34,0.8437,49.9,0.99,1,2619.9,53.74
2026-04-24 18:50:36,211.62,0.434,91.24,0.8447,49.9,0.99,1,2650.0,53.8
2026-04-24 18:51:06,211.52,0.433,91.14,0.8457,49.9,1.0,1,2680.1,53.86
2026-04-24 18:51:36,211.62,0.434,91.24,0.8467,49.9,0.99,1,2710.4,53.92
2026-04-24 18:52:06,211.62,0.434,91.24,0.8467,49.8,0.99,1,2740.4,53.98
2026-04-24 18:52:36,211.42,0.433,91.14,0.8476,49.8,1.0,1,2770.5,54.04
2026-04-24 18:53:06,211.91,0.434,91.53,0.8486,49.9,1.0,1,2800.6,54.1
2026-04-24 21:39:37,242.96,0.484,117.08,0.9148,49.8,1.0,1,184.1,36.81
2026-04-25 07:25:07,222.65,0.477,106.2,0.9211,50.0,1.0,1,80.4,53.53
2026-04-25 07:25:37,222.44,0.47,104.44,0.9221,50.0,1.0,1,110.6,55.16
2026-04-25 07:26:07,222.24,0.465,103.19,0.9231,50.0,1.0,1,140.7,56.13
2026-04-25 07:26:38,222.65,0.462,102.67,0.9242,50.0,1.0,1,170.8,56.77
2026-04-25 07:27:08,222.24,0.459,101.64,0.9252,50.0,1.0,1,200.9,57.23
2026-04-25 07:27:38,222.24,0.456,101.12,0.9252,50.0,1.0,1,231.0,57.58
2026-04-25 07:28:08,221.51,0.453,100.08,0.9262,50.0,1.0,1,261.1,57.85
2026-04-25 07:28:42,221.72,0.451,99.77,0.9273,50.0,1.0,1,295.7,58.09
2026-04-25 07:29:13,221.82,0.45,99.57,0.9283,50.0,1.0,1,325.8,58.26
2026-04-25 07:29:43,221.41,0.448,98.84,0.9294,50.0,1.0,1,355.9,58.41
2026-04-25 07:30:13,221.41,0.447,98.63,0.9294,50.0,1.0,1,385.9,58.53
2026-04-25 07:30:43,220.68,0.444,97.7,0.9304,50.0,1.0,1,416.2,58.63
2026-04-25 07:31:13,221.62,0.445,98.22,0.9314,50.0,1.0,1,446.2,58.72
2026-04-25 07:31:43,221.3,0.444,97.81,0.9325,50.0,1.0,1,476.4,58.8
2026-04-25 07:32:13,220.37,0.441,96.77,0.9335,50.0,1.0,1,506.4,58.87
2026-04-25 07:32:43,219.34,0.438,95.73,0.9335,49.9,1.0,1,536.6,58.93
2026-04-25 07:33:13,220.06,0.439,96.25,0.9345,49.9,1.0,1,566.6,58.99
2026-04-25 07:33:44,220.37,0.439,96.35,0.9356,50.0,1.0,1,596.8,59.04
2026-04-25 07:34:14,220.48,0.439,96.35,0.9366,50.0,1.0,1,626.9,59.08
2026-04-25 07:34:44,219.54,0.436,95.32,0.9366,49.9,1.0,1,656.9,59.13
2026-04-25 07:35:14,219.75,0.436,95.42,0.9376,49.9,1.0,1,687.1,59.16
2026-04-25 07:35:44,220.27,0.437,95.73,0.9387,49.9,0.99,1,717.1,59.2
2026-04-25 07:36:14,220.06,0.436,95.53,0.9397,49.9,1.0,1,747.3,59.23
2026-04-25 07:36:44,219.85,0.435,95.11,0.9408,49.9,0.99,1,777.4,59.26
2026-04-25 07:37:14,220.06,0.435,95.32,0.9408,49.9,1.0,1,807.5,59.29
2026-04-25 07:37:44,220.27,0.435,95.42,0.9418,50.0,1.0,1,837.6,59.31
2026-04-25 07:38:15,219.65,0.434,94.8,0.9428,50.0,0.99,1,867.8,59.34
2026-04-25 07:38:45,219.96,0.434,95.01,0.9439,50.0,1.0,1,897.9,59.36
2026-04-25 07:39:15,219.96,0.434,95.01,0.9439,50.0,1.0,1,927.9,59.38
2026-04-25 07:39:45,220.16,0.434,95.01,0.9449,50.0,0.99,1,958.1,59.4
2026-04-25 07:40:15,220.16,0.434,95.01,0.9459,50.0,0.99,1,988.4,59.42
2026-04-25 07:40:46,220.37,0.434,95.11,0.947,50.0,0.99,1,1018.5,59.43
2026-04-25 07:41:15,220.27,0.433,95.01,0.948,50.0,1.0,1,1048.6,59.45
2026-04-25 07:41:46,220.48,0.433,95.11,0.948,50.0,1.0,1,1078.7,59.46
2026-04-25 07:42:16,220.06,0.432,94.59,0.949,50.0,1.0,1,1108.9,59.48
2026-04-25 07:42:46,219.75,0.432,94.39,0.9501,50.0,0.99,1,1138.9,59.49
2026-04-25 07:43:16,219.96,0.432,94.49,0.9511,50.0,0.99,1,1169.1,59.51
2026-04-25 07:43:46,221.3,0.434,95.63,0.9511,50.0,1.0,1,1199.3,59.52
2026-04-25 07:44:16,218.82,0.429,93.45,0.9521,50.0,1.0,1,1229.4,59.53
2026-04-25 07:44:47,218.61,0.429,93.25,0.9532,50.0,0.99,1,1259.6,59.54
2026-04-25 07:45:17,217.47,0.426,92.31,0.9542,50.0,1.0,1,1289.9,59.55
2026-04-25 07:45:47,217.99,0.427,92.73,0.9542,49.9,1.0,1,1320.1,59.56
2026-04-25 07:46:17,218.51,0.428,93.14,0.9553,49.9,1.0,1,1350.3,59.57
2026-04-25 07:46:47,217.68,0.426,92.42,0.9563,49.9,1.0,1,1380.6,59.58
2026-04-25 07:47:18,218.09,0.427,92.62,0.9573,49.9,0.99,1,1410.6,59.59
2026-04-25 07:47:48,218.92,0.429,93.35,0.9573,49.9,0.99,1,1440.8,59.6
2026-04-25 07:48:18,218.92,0.428,93.35,0.9584,49.9,1.0,1,1471.1,59.61
2026-04-25 07:48:48,219.03,0.429,93.45,0.9594,49.9,0.99,1,1501.2,59.61
2026-04-25 07:49:18,218.71,0.428,93.14,0.9604,49.9,1.0,1,1531.4,59.62
2026-04-25 07:49:48,218.92,0.428,93.35,0.9604,49.9,1.0,1,1561.6,59.63
2026-04-25 07:50:18,218.3,0.427,92.73,0.9615,49.9,0.99,1,1591.7,59.64
2026-04-25 07:50:49,218.09,0.427,92.52,0.9625,49.9,0.99,1,1621.8,59.64
2026-04-25 07:51:19,218.09,0.427,92.62,0.9635,49.9,0.99,1,1652.1,59.65
2026-04-25 07:51:49,218.61,0.428,92.94,0.9635,49.9,0.99,1,1682.3,59.66
2026-04-25 07:52:19,218.71,0.427,93.04,0.9646,49.9,1.0,1,1712.5,59.66
2026-04-25 07:52:50,217.99,0.426,92.42,0.9656,49.9,1.0,1,1742.6,59.67
2026-04-25 07:53:20,218.71,0.428,93.04,0.9667,49.9,0.99,1,1772.8,59.67
2026-04-25 07:53:50,218.4,0.427,92.83,0.9677,50.0,1.0,1,1802.9,59.68
2026-04-25 07:54:20,218.82,0.428,93.14,0.9677,49.9,0.99,1,1833.0,59.68
2026-04-25 07:54:50,218.3,0.427,92.73,0.9687,50.0,0.99,1,1863.0,59.69
2026-04-25 07:55:20,218.61,0.427,92.94,0.9698,50.0,1.0,1,1893.3,59.69
2026-04-25 07:55:50,218.82,0.427,93.04,0.9698,50.0,1.0,1,1923.5,59.7
2026-04-25 07:56:20,218.82,0.428,93.14,0.9708,50.0,0.99,1,1953.6,59.7
2026-04-25 07:56:51,219.03,0.428,93.35,0.9718,50.0,1.0,1,1983.7,59.71
2026-04-25 07:57:21,218.92,0.428,93.14,0.9729,50.0,0.99,1,2013.8,59.71
2026-04-25 07:57:51,219.13,0.428,93.35,0.9729,50.0,1.0,1,2043.9,59.72
2026-04-25 07:58:21,218.71,0.427,93.04,0.9739,50.0,1.0,1,2074.1,59.72
2026-04-25 07:58:51,218.71,0.427,92.94,0.9749,50.0,1.0,1,2104.3,59.72
2026-04-25 07:59:21,219.13,0.428,93.35,0.976,50.0,1.0,1,2134.5,59.73
2026-04-25 07:59:52,219.03,0.427,93.14,0.977,50.0,1.0,1,2164.6,59.73
2026-04-25 08:00:22,220.06,0.43,94.08,0.977,50.0,0.99,1,2194.8,59.74
2026-04-25 08:00:52,220.16,0.43,94.18,0.9781,50.0,0.99,1,2224.9,59.74
2026-04-25 08:01:22,219.96,0.429,93.97,0.9791,50.0,1.0,1,2255.1,59.74
2026-04-25 08:01:52,219.65,0.429,93.66,0.9801,50.0,0.99,1,2285.3,59.75
2026-04-25 08:02:22,219.23,0.428,93.35,0.9801,50.0,0.99,1,2315.5,59.75
2026-04-25 08:02:52,219.03,0.427,93.14,0.9812,50.0,1.0,1,2345.5,59.75
2026-04-25 08:03:23,219.23,0.428,93.35,0.9822,50.0,0.99,1,2375.7,59.76
2026-04-25 08:03:53,218.92,0.428,93.14,0.9832,50.0,0.99,1,2405.8,59.76
2026-04-25 08:04:23,218.51,0.426,92.73,0.9832,50.0,1.0,1,2435.9,59.76
2026-04-25 08:04:53,218.92,0.427,93.04,0.9843,50.0,1.0,1,2466.0,59.76
2026-04-25 08:05:23,217.78,0.425,92.11,0.9853,49.9,1.0,1,2496.1,59.77
2026-04-25 08:05:53,218.09,0.425,92.31,0.9863,49.9,1.0,1,2526.2,59.77
2026-04-25 08:06:23,217.99,0.426,92.31,0.9863,49.9,0.99,1,2556.4,59.77
2026-04-25 08:06:53,217.47,0.424,91.8,0.9874,49.9,1.0,1,2586.6,59.78
2026-04-25 08:07:24,217.37,0.424,91.69,0.9884,49.9,0.99,1,2616.7,59.78
2026-04-25 08:07:54,216.85,0.423,91.38,0.9894,49.9,1.0,1,2646.8,59.78
2026-04-25 08:08:24,216.33,0.422,90.86,0.9894,49.9,1.0,1,2677.1,59.78
2026-04-25 08:08:54,216.33,0.422,90.86,0.9905,49.9,1.0,1,2707.3,59.79
2026-04-25 08:09:24,216.54,0.423,91.07,0.9915,49.9,0.99,1,2737.4,59.79
2026-04-25 08:09:54,216.95,0.423,91.38,0.9926,49.9,1.0,1,2767.4,59.79
2026-04-25 08:10:25,217.78,0.425,92.21,0.9926,49.9,1.0,1,2797.5,59.79
2026-04-25 08:10:54,216.85,0.423,91.28,0.9936,49.9,1.0,1,2827.5,59.79
2026-04-25 08:11:25,217.99,0.426,92.42,0.9946,49.9,1.0,1,2857.6,59.8
2026-04-25 08:11:55,217.16,0.424,91.59,0.9957,49.9,0.99,1,2887.8,59.8
2026-04-25 08:12:25,217.78,0.425,92.21,0.9957,50.0,1.0,1,2917.9,59.8
2026-04-25 08:12:55,218.51,0.426,92.73,0.9967,49.9,1.0,1,2948.0,59.8
2026-04-25 08:13:25,218.51,0.427,92.73,0.9977,49.9,0.99,1,2978.2,59.8
2026-04-25 08:13:55,218.92,0.427,93.04,0.9977,49.9,1.0,1,3008.4,59.81
2026-04-25 08:14:25,218.71,0.427,92.83,0.9988,49.9,0.99,1,3038.5,59.81
2026-04-25 08:14:55,218.61,0.426,92.73,0.9998,49.9,1.0,1,3068.5,59.81
2026-04-25 08:15:25,218.51,0.426,92.73,1.0008,49.9,1.0,1,3098.5,59.81
2026-04-25 08:15:56,218.4,0.426,92.62,1.0019,49.9,1.0,1,3128.7,59.81
2026-04-25 08:16:26,218.09,0.426,92.42,1.0019,49.9,0.99,1,3159.0,59.82
2026-04-25 08:16:56,218.4,0.426,92.52,1.0029,49.9,0.99,1,3189.1,59.82
2026-04-25 08:17:26,218.3,0.426,92.52,1.004,49.8,0.99,1,3219.2,59.82
2026-04-25 08:17:56,217.89,0.425,92.11,1.005,49.8,0.99,1,3249.4,59.82
2026-04-25 08:18:26,216.95,0.423,91.28,1.005,49.8,0.99,1,3279.7,59.82
2026-04-25 08:18:57,217.06,0.423,91.38,1.006,49.8,1.0,1,3309.9,59.82
2026-04-25 08:19:27,216.33,0.422,90.86,1.0071,49.8,1.0,1,3340.0,59.83
2026-04-25 08:19:57,215.3,0.42,89.93,1.0071,49.8,0.99,1,3370.3,59.83
2026-04-25 08:20:27,214.57,0.419,89.41,1.0081,49.8,0.99,1,3400.5,59.83
2026-04-25 08:20:57,213.43,0.417,88.48,1.0091,49.8,0.99,1,3430.6,59.83
2026-04-25 08:21:27,212.19,0.414,87.44,1.0102,49.8,1.0,1,3460.7,59.83
2026-04-25 08:21:58,211.36,0.413,86.93,1.0102,49.8,1.0,1,3490.8,59.83
2026-04-25 08:22:28,210.84,0.412,86.51,1.0112,49.8,1.0,1,3521.0,59.83
2026-04-25 08:22:58,210.63,0.412,86.3,1.0122,49.8,0.99,1,3551.2,59.84
2026-04-25 08:23:28,210.53,0.412,86.3,1.0122,49.8,1.0,1,3581.5,59.84
2026-04-25 08:23:58,210.32,0.412,86.2,1.0133,49.8,0.99,1,3611.6,59.84
2026-04-25 08:24:29,211.15,0.413,86.93,1.0143,49.8,1.0,1,3641.7,59.84
2026-04-25 08:24:59,211.67,0.414,87.24,1.0153,49.8,1.0,1,3671.8,59.84
2026-04-25 08:25:29,211.15,0.413,86.93,1.0153,49.9,1.0,1,3701.9,59.84
2026-04-25 08:25:59,213.53,0.418,88.79,1.0164,49.9,0.99,1,3732.0,59.84
2026-04-25 08:26:29,213.12,0.417,88.48,1.0174,49.9,1.0,1,3762.0,59.85
2026-04-25 08:26:59,212.29,0.416,87.76,1.0174,49.9,0.99,1,3792.2,59.85
2026-04-25 08:27:30,212.5,0.416,87.86,1.0185,49.9,0.99,1,3822.4,59.85
2026-04-25 08:27:59,212.39,0.416,87.96,1.0195,49.9,1.0,1,3852.4,59.85
2026-04-25 08:28:29,211.77,0.415,87.44,1.0205,49.9,0.99,1,3882.4,59.85
2026-04-25 08:28:59,211.98,0.415,87.65,1.0205,50.0,1.0,1,3912.5,59.85
2026-04-25 08:29:29,211.77,0.414,87.34,1.0216,49.9,1.0,1,3942.5,59.85
2026-04-25 08:30:00,213.74,0.419,89.1,1.0226,49.9,0.99,1,3972.8,59.85
2026-04-25 08:30:30,214.98,0.421,90.14,1.0226,49.9,1.0,1,4003.0,59.85
2026-04-25 08:31:00,213.84,0.419,89.21,1.0236,49.9,1.0,1,4033.1,59.86
2026-04-25 08:31:30,213.02,0.417,88.48,1.0247,49.9,1.0,1,4063.1,59.86
2026-04-25 08:32:00,212.29,0.416,87.76,1.0257,50.0,0.99,1,4093.3,59.86
2026-04-25 08:32:31,212.71,0.416,88.17,1.0257,49.9,1.0,1,4123.5,59.86
2026-04-25 08:33:01,212.19,0.416,87.86,1.0267,49.9,1.0,1,4153.8,59.86
2026-04-25 08:33:31,212.39,0.416,87.96,1.0278,49.9,1.0,1,4184.0,59.86
2026-04-25 08:34:01,212.6,0.416,88.17,1.0278,49.9,1.0,1,4214.1,59.86
2026-04-25 08:34:31,212.91,0.417,88.38,1.0288,49.9,1.0,1,4244.3,59.86
2026-04-25 08:35:01,212.91,0.417,88.38,1.0299,49.9,1.0,1,4274.5,59.86
2026-04-25 08:35:31,212.71,0.416,88.17,1.0309,49.9,1.0,1,4304.6,59.86
2026-04-25 08:36:02,213.33,0.418,88.69,1.0309,49.9,0.99,1,4334.7,59.87
2026-04-25 08:36:32,213.12,0.417,88.48,1.0319,49.9,1.0,1,4364.9,59.87
2026-04-25 08:37:02,213.84,0.419,89.1,1.033,49.9,0.99,1,4395.0,59.87
2026-04-25 08:37:32,213.53,0.418,88.89,1.033,49.9,1.0,1,4425.2,59.87
2026-04-25 08:38:02,212.39,0.416,87.96,1.034,49.9,1.0,1,4455.4,59.87
2026-04-25 08:38:32,212.81,0.417,88.27,1.035,49.9,0.99,1,4485.7,59.87
